SaleID,Date,Product,Quantity,Price,Total,Region
1,2020-01-01,Laptop,4,800,2080.82,West
2,2020-01-02,Charger,2,25,30.56,West
3,2020-01-03,Phone,5,600,1902.04,North
4,2020-01-03,Phone,3,600,1071.27,West
5,2020-01-04,Charger,5,25,83.99,East
6,2020-01-04,Tablet,5,400,1206.49,East
7,2020-01-04,Tablet,1,400,251.97,South
8,2020-01-05,Charger,5,25,81.57,West
9,2020-01-05,Tablet,1,400,251.27,North
10,2020-01-06,Monitor,3,300,502.38,North
11,2020-01-07,Phone,1,600,388.54,East
12,2020-01-07,Monitor,3,300,501.52,East
13,2020-01-07,Phone,2,600,754.82,East
14,2020-01-08,Phone,5,600,1638.68,West
15,2020-01-09,Charger,5,25,79.0,East
16,2020-01-09,Keyboard,3,50,86.35,North
17,2020-01-09,Tablet,2,400,452.97,West
18,2020-01-09,Monitor,3,300,577.39,West
19,2020-01-10,Charger,3,25,42.94,West
20,2020-01-10,Headphones,4,100,229.27,South
21,2020-01-10,Headphones,5,100,309.48,East
22,2020-01-10,Laptop,4,800,2114.07,North
23,2020-01-12,Phone,5,600,1802.0,South
24,2020-01-13,Phone,4,600,1303.33,West
25,2020-01-13,Tablet,1,400,225.3,South
26,2020-01-14,Monitor,1,300,168.29,West
27,2020-01-14,Keyboard,3,50,92.1,South
28,2020-01-14,Charger,1,25,14.47,East
29,2020-01-15,Monitor,1,300,160.36,East
30,2020-01-15,Charger,5,25,81.9,North
31,2020-01-15,Charger,4,25,65.05,West
32,2020-01-15,Laptop,2,800,907.76,West
33,2020-01-16,Keyboard,3,50,96.63,East
34,2020-01-16,Charger,3,25,48.06,West
35,2020-01-17,Charger,3,25,41.95,West
36,2020-01-17,Mouse,2,30,34.17,West
37,2020-01-17,Tablet,3,400,672.45,West
38,2020-01-18,Phone,2,600,645.22,North
39,2020-01-18,Headphones,5,100,305.13,North
40,2020-01-19,Phone,5,600,1930.95,South
41,2020-01-19,Charger,5,25,70.69,South
42,2020-01-20,Charger,5,25,69.59,East
43,2020-01-20,Laptop,2,800,1009.21,East
44,2020-01-21,Mouse,3,30,48.86,East
45,2020-01-22,Laptop,3,800,1589.77,South
46,2020-01-22,Monitor,4,300,642.35,East
47,2020-01-23,Phone,4,600,1393.1,North
48,2020-01-23,Tablet,4,400,845.19,West
49,2020-01-23,Monitor,3,300,545.96,South
50,2020-01-24,Charger,1,25,14.14,North
51,2020-01-24,Keyboard,3,50,96.4,East
52,2020-01-24,Mouse,1,30,18.8,West
53,2020-01-24,Mouse,2,30,35.1,West
54,2020-01-24,Laptop,4,800,1857.32,South
55,2020-01-26,Tablet,5,400,1120.99,South
56,2020-01-26,Mouse,3,30,52.43,South
57,2020-01-27,Mouse,2,30,33.99,North
58,2020-01-27,Monitor,2,300,330.4,East
59,2020-01-28,Headphones,5,100,305.78,North
60,2020-01-28,Charger,1,25,13.42,North
61,2020-01-28,Charger,1,25,14.39,South
62,2020-01-30,Phone,5,600,1762.28,North
63,2020-01-30,Mouse,5,30,80.93,South
64,2020-01-30,Laptop,4,800,1933.56,West
65,2020-01-31,Tablet,5,400,1157.03,South
66,2020-01-31,Charger,2,25,31.52,North
67,2020-01-31,Tablet,4,400,961.52,East
68,2020-02-01,Monitor,4,300,681.27,West
69,2020-02-01,Mouse,4,30,65.15,South
70,2020-02-02,Charger,3,25,42.0,East
71,2020-02-02,Mouse,3,30,52.31,South
72,2020-02-03,Charger,2,25,32.97,West
73,2020-02-03,Monitor,5,300,909.11,West
74,2020-02-04,Headphones,5,100,303.17,West
75,2020-02-04,Keyboard,1,50,29.19,West
76,2020-02-04,Laptop,1,800,521.43,South
77,2020-02-05,Phone,5,600,1827.34,South
78,2020-02-05,Phone,2,600,761.64,North
79,2020-02-05,Charger,5,25,77.66,West
80,2020-02-05,Phone,2,600,697.45,West
81,2020-02-06,Tablet,4,400,1043.35,West
82,2020-02-06,Keyboard,2,50,66.1,North
83,2020-02-07,Charger,5,25,77.33,North
84,2020-02-08,Laptop,2,800,970.5,East
85,2020-02-08,Charger,3,25,46.14,South
86,2020-02-08,Keyboard,2,50,54.76,South
87,2020-02-08,Phone,5,600,1829.3,North
88,2020-02-08,Headphones,1,100,67.16,West
89,2020-02-08,Laptop,1,800,510.45,East
90,2020-02-09,Monitor,5,300,872.53,West
91,2020-02-09,Phone,3,600,1169.28,South
92,2020-02-09,Keyboard,3,50,84.27,North
93,2020-02-09,Monitor,1,300,184.97,West
94,2020-02-10,Tablet,2,400,522.22,West
95,2020-02-10,Headphones,4,100,245.9,North
96,2020-02-11,Phone,5,600,1870.68,West
97,2020-02-11,Mouse,3,30,55.4,East
98,2020-02-12,Charger,4,25,54.75,East
99,2020-02-12,Headphones,2,100,113.46,West
100,2020-02-12,Phone,3,600,970.88,West
101,2020-02-13,Monitor,5,300,812.64,North
102,2020-02-14,Mouse,3,30,52.48,East
103,2020-02-14,Keyboard,5,50,148.44,West
104,2020-02-14,Monitor,1,300,160.74,East
105,2020-02-15,Tablet,1,400,217.14,North
106,2020-02-16,Phone,2,600,774.73,North
107,2020-02-16,Headphones,2,100,124.08,North
108,2020-02-16,Tablet,5,400,1184.3,North
109,2020-02-16,Mouse,5,30,80.82,South
110,2020-02-16,Mouse,1,30,16.24,East
111,2020-02-16,Phone,1,600,391.2,North
112,2020-02-17,Keyboard,4,50,129.49,East
113,2020-02-17,Mouse,3,30,58.08,West
114,2020-02-17,Laptop,4,800,1993.45,East
115,2020-02-18,Mouse,4,30,65.12,South
116,2020-02-19,Tablet,4,400,926.43,East
117,2020-02-19,Phone,5,600,1648.32,East
118,2020-02-19,Phone,4,600,1311.42,West
119,2020-02-20,Laptop,3,800,1540.7,West
120,2020-02-20,Headphones,2,100,126.5,West
121,2020-02-20,Headphones,1,100,59.19,North
122,2020-02-21,Mouse,2,30,36.07,South
123,2020-02-21,Headphones,5,100,329.55,North
124,2020-02-21,Tablet,4,400,920.9,East
125,2020-02-21,Tablet,2,400,498.07,South
126,2020-02-22,Phone,1,600,366.4,North
127,2020-02-22,Mouse,4,30,70.49,East
128,2020-02-22,Phone,2,600,677.83,South
129,2020-02-23,Phone,4,600,1494.44,South
130,2020-02-24,Tablet,2,400,457.5,North
131,2020-02-24,Headphones,2,100,118.55,South
132,2020-02-24,Monitor,1,300,158.62,West
133,2020-02-24,Charger,2,25,29.15,North
134,2020-02-25,Keyboard,5,50,158.67,South
135,2020-02-25,Monitor,2,300,373.62,East
136,2020-02-25,Keyboard,5,50,147.64,East
137,2020-02-25,Tablet,4,400,855.51,West
138,2020-02-26,Phone,5,600,1955.81,South
139,2020-02-27,Laptop,4,800,1758.56,North
140,2020-02-27,Keyboard,1,50,32.23,South
141,2020-02-28,Keyboard,2,50,62.46,South
142,2020-02-28,Charger,5,25,69.6,West
143,2020-02-28,Keyboard,1,50,31.7,South
144,2020-02-28,Tablet,5,400,1120.75,North
145,2020-02-28,Keyboard,1,50,32.51,East
146,2020-02-28,Charger,4,25,53.1,West
147,2020-02-29,Monitor,1,300,195.17,North
148,2020-02-29,Monitor,3,300,498.34,East
149,2020-02-29,Charger,2,25,28.91,East
150,2020-02-29,Phone,1,600,380.94,West
151,2020-02-29,Headphones,3,100,192.31,North
152,2020-02-29,Phone,3,600,1096.14,West
153,2020-03-01,Headphones,2,100,111.64,North
154,2020-03-01,Headphones,5,100,319.04,South
155,2020-03-01,Phone,2,600,805.16,West
156,2020-03-01,Phone,2,600,686.37,West
157,2020-03-02,Tablet,5,400,1329.85,West
158,2020-03-02,Monitor,5,300,869.39,North
159,2020-03-02,Tablet,4,400,894.47,South
160,2020-03-02,Tablet,5,400,1126.91,North
161,2020-03-03,Mouse,2,30,39.05,South
162,2020-03-03,Keyboard,5,50,156.36,West
163,2020-03-04,Monitor,3,300,531.83,West
164,2020-03-04,Mouse,2,30,35.49,East
165,2020-03-05,Phone,4,600,1498.56,South
166,2020-03-06,Tablet,1,400,263.33,North
167,2020-03-07,Headphones,5,100,268.32,West
168,2020-03-08,Headphones,1,100,57.96,East
169,2020-03-08,Laptop,5,800,2351.28,North
170,2020-03-08,Phone,1,600,401.61,East
171,2020-03-08,Laptop,2,800,983.3,North
172,2020-03-09,Headphones,3,100,200.49,South
173,2020-03-09,Headphones,4,100,249.65,North
174,2020-03-09,Tablet,4,400,880.09,South
175,2020-03-10,Keyboard,4,50,132.06,East
176,2020-03-11,Monitor,4,300,767.25,West
177,2020-03-11,Laptop,2,800,920.52,East
178,2020-03-11,Mouse,4,30,73.77,South
179,2020-03-12,Headphones,1,100,61.29,East
180,2020-03-12,Monitor,5,300,897.48,South
181,2020-03-12,Phone,4,600,1304.17,North
182,2020-03-12,Headphones,5,100,278.14,West
183,2020-03-13,Phone,1,600,321.95,West
184,2020-03-13,Mouse,1,30,16.06,South
185,2020-03-15,Laptop,1,800,452.44,South
186,2020-03-15,Keyboard,1,50,27.6,North
187,2020-03-15,Laptop,4,800,2116.24,East
188,2020-03-15,Laptop,1,800,499.61,North
189,2020-03-16,Tablet,5,400,1056.82,West
190,2020-03-17,Mouse,5,30,98.49,North
191,2020-03-17,Keyboard,2,50,55.07,South
192,2020-03-17,Laptop,5,800,2658.7,South
193,2020-03-18,Monitor,4,300,645.4,West
194,2020-03-18,Tablet,1,400,264.91,South
195,2020-03-19,Phone,3,600,1105.11,East
196,2020-03-19,Phone,2,600,664.85,North
197,2020-03-19,Charger,1,25,14.5,North
198,2020-03-19,Charger,2,25,28.78,West
199,2020-03-20,Headphones,4,100,224.12,South
200,2020-03-21,Phone,3,600,1150.85,West
201,2020-03-21,Mouse,3,30,51.56,West
202,2020-03-21,Laptop,5,800,2238.64,North
203,2020-03-21,Headphones,3,100,194.1,East
204,2020-03-21,Headphones,4,100,235.14,East
205,2020-03-22,Monitor,4,300,805.7,South
206,2020-03-22,Tablet,1,400,233.23,West
207,2020-03-23,Monitor,4,300,800.28,East
208,2020-03-23,Phone,5,600,1995.91,West
209,2020-03-23,Tablet,3,400,751.69,West
210,2020-03-24,Charger,5,25,80.04,East
211,2020-03-24,Phone,2,600,785.91,South
212,2020-03-24,Phone,3,600,978.42,East
213,2020-03-25,Monitor,5,300,822.07,North
214,2020-03-25,Phone,2,600,689.36,West
215,2020-03-26,Headphones,5,100,302.39,East
216,2020-03-26,Mouse,1,30,18.28,North
217,2020-03-26,Phone,3,600,1189.5,East
218,2020-03-26,Phone,3,600,1189.47,West
219,2020-03-27,Monitor,1,300,171.93,North
220,2020-03-27,Phone,2,600,680.07,North
221,2020-03-27,Tablet,1,400,240.6,West
222,2020-03-28,Laptop,5,800,2474.32,North
223,2020-03-28,Charger,2,25,26.97,South
224,2020-03-29,Headphones,5,100,272.59,South
225,2020-03-29,Mouse,3,30,52.74,East
226,2020-03-29,Charger,2,25,28.1,West
227,2020-03-30,Keyboard,1,50,33.26,West
228,2020-03-30,Keyboard,4,50,118.24,East
229,2020-03-30,Mouse,4,30,64.02,West
230,2020-03-30,Mouse,2,30,34.96,North
231,2020-03-31,Phone,1,600,402.96,North
232,2020-03-31,Phone,4,600,1578.8,East
233,2020-03-31,Phone,3,600,965.84,West
234,2020-04-01,Keyboard,3,50,79.54,East
235,2020-04-04,Phone,2,600,740.2,South
236,2020-04-04,Monitor,5,300,806.73,South
237,2020-04-05,Charger,5,25,77.89,North
238,2020-04-05,Charger,3,25,49.07,North
239,2020-04-06,Mouse,2,30,39.87,West
240,2020-04-06,Laptop,5,800,2529.2,East
241,2020-04-06,Keyboard,2,50,60.25,West
242,2020-04-07,Laptop,1,800,508.44,South
243,2020-04-07,Mouse,3,30,50.34,South
244,2020-04-07,Phone,5,600,1803.56,North
245,2020-04-08,Keyboard,2,50,56.82,North
246,2020-04-08,Laptop,2,800,1037.64,South
247,2020-04-08,Phone,2,600,640.97,South
248,2020-04-08,Keyboard,4,50,124.75,South
249,2020-04-09,Headphones,5,100,272.63,North
250,2020-04-09,Keyboard,3,50,84.11,East
251,2020-04-11,Monitor,5,300,901.97,South
252,2020-04-11,Tablet,4,400,930.56,South
253,2020-04-12,Tablet,2,400,449.67,East
254,2020-04-12,Phone,3,600,1056.46,South
255,2020-04-13,Mouse,5,30,85.06,South
256,2020-04-13,Laptop,2,800,1048.05,North
257,2020-04-13,Headphones,2,100,129.62,North
258,2020-04-14,Monitor,3,300,506.13,West
259,2020-04-14,Laptop,3,800,1593.9,East
260,2020-04-14,Keyboard,4,50,121.5,North
261,2020-04-14,Mouse,3,30,51.58,West
262,2020-04-15,Keyboard,5,50,167.39,East
263,2020-04-15,Charger,5,25,80.92,East
264,2020-04-15,Monitor,5,300,896.31,North
265,2020-04-15,Headphones,2,100,123.98,East
266,2020-04-15,Charger,4,25,58.41,East
267,2020-04-16,Tablet,3,400,685.99,North
268,2020-04-16,Laptop,4,800,1841.94,North
269,2020-04-17,Headphones,3,100,167.55,West
270,2020-04-18,Phone,3,600,1157.2,North
271,2020-04-19,Keyboard,5,50,142.28,North
272,2020-04-19,Monitor,3,300,518.11,South
273,2020-04-20,Phone,4,600,1362.76,South
274,2020-04-21,Phone,5,600,1781.0,East
275,2020-04-21,Mouse,4,30,68.58,West
276,2020-04-22,Keyboard,5,50,162.47,East
277,2020-04-22,Tablet,3,400,708.91,North
278,2020-04-22,Tablet,4,400,980.57,North
279,2020-04-23,Tablet,5,400,1239.83,West
280,2020-04-23,Laptop,2,800,1032.94,North
281,2020-04-24,Laptop,5,800,2677.29,South
282,2020-04-24,Charger,1,25,15.92,South
283,2020-04-24,Tablet,3,400,706.26,West
284,2020-04-25,Mouse,3,30,58.63,South
285,2020-04-25,Charger,1,25,14.86,East
286,2020-04-25,Laptop,3,800,1375.06,South
287,2020-04-26,Charger,2,25,31.64,East
288,2020-04-26,Mouse,3,30,54.69,North
289,2020-04-27,Headphones,2,100,131.56,East
290,2020-04-27,Laptop,4,800,2053.43,North
291,2020-04-27,Monitor,1,300,193.18,East
292,2020-04-28,Headphones,5,100,293.74,East
293,2020-04-29,Tablet,4,400,854.86,North
294,2020-04-29,Headphones,5,100,307.35,South
295,2020-04-30,Laptop,3,800,1611.91,East
296,2020-04-30,Monitor,3,300,504.31,East
297,2020-05-01,Tablet,5,400,1281.88,North
298,2020-05-01,Charger,3,25,42.42,South
299,2020-05-01,Laptop,2,800,938.44,East
300,2020-05-01,Monitor,3,300,588.76,West
301,2020-05-02,Headphones,2,100,121.5,South
302,2020-05-02,Monitor,1,300,168.81,West
303,2020-05-03,Charger,2,25,30.6,North
304,2020-05-03,Charger,2,25,26.88,East
305,2020-05-03,Tablet,4,400,957.37,East
306,2020-05-03,Headphones,4,100,218.26,West
307,2020-05-03,Mouse,3,30,60.09,West
308,2020-05-03,Headphones,3,100,179.52,East
309,2020-05-04,Phone,4,600,1546.27,North
310,2020-05-04,Charger,1,25,13.66,East
311,2020-05-04,Headphones,5,100,276.56,South
312,2020-05-05,Keyboard,1,50,28.41,West
313,2020-05-05,Tablet,1,400,264.46,East
314,2020-05-05,Keyboard,4,50,114.17,North
315,2020-05-06,Monitor,4,300,736.21,West
316,2020-05-06,Headphones,1,100,53.98,West
317,2020-05-06,Laptop,2,800,1038.16,East
318,2020-05-06,Charger,4,25,57.78,South
319,2020-05-07,Charger,2,25,32.26,North
320,2020-05-07,Monitor,2,300,333.23,East
321,2020-05-09,Keyboard,2,50,63.1,South
322,2020-05-09,Laptop,5,800,2575.73,South
323,2020-05-09,Charger,1,25,15.91,North
324,2020-05-11,Headphones,1,100,63.17,West
325,2020-05-11,Headphones,2,100,129.65,East
326,2020-05-11,Headphones,5,100,316.13,North
327,2020-05-12,Monitor,1,300,170.71,South
328,2020-05-13,Monitor,5,300,855.52,West
329,2020-05-13,Keyboard,3,50,94.16,East
330,2020-05-14,Laptop,3,800,1565.18,North
331,2020-05-14,Mouse,4,30,71.4,East
332,2020-05-14,Keyboard,5,50,154.59,East
333,2020-05-15,Charger,3,25,47.85,South
334,2020-05-15,Laptop,5,800,2444.72,North
335,2020-05-15,Monitor,4,300,746.75,North
336,2020-05-15,Laptop,4,800,1821.04,North
337,2020-05-15,Mouse,2,30,33.81,South
338,2020-05-15,Charger,5,25,68.22,East
339,2020-05-17,Mouse,4,30,73.81,West
340,2020-05-17,Tablet,4,400,1000.01,East
341,2020-05-17,Laptop,3,800,1274.19,North
342,2020-05-19,Phone,2,600,773.36,North
343,2020-05-19,Laptop,4,800,1994.62,East
344,2020-05-19,Keyboard,5,50,151.44,North
345,2020-05-20,Keyboard,1,50,31.11,South
346,2020-05-20,Headphones,2,100,112.03,East
347,2020-05-20,Mouse,5,30,80.41,West
348,2020-05-20,Headphones,5,100,309.58,South
349,2020-05-20,Monitor,1,300,161.64,North
350,2020-05-21,Charger,5,25,74.25,West
351,2020-05-21,Phone,4,600,1384.66,East
352,2020-05-21,Tablet,3,400,656.81,North
353,2020-05-22,Headphones,4,100,223.54,South
354,2020-05-22,Laptop,5,800,2264.2,North
355,2020-05-23,Keyboard,4,50,130.32,West
356,2020-05-24,Laptop,4,800,1964.94,East
357,2020-05-24,Phone,5,600,1674.99,West
358,2020-05-24,Keyboard,3,50,97.29,East
359,2020-05-24,Monitor,4,300,704.24,West
360,2020-05-25,Headphones,3,100,189.67,North
361,2020-05-25,Tablet,5,400,1076.1,East
362,2020-05-26,Laptop,2,800,984.67,North
363,2020-05-26,Laptop,2,800,943.85,West
364,2020-05-26,Phone,4,600,1507.76,East
365,2020-05-27,Charger,2,25,28.57,East
366,2020-05-27,Charger,5,25,71.62,East
367,2020-05-28,Phone,3,600,981.5,West
368,2020-05-28,Phone,3,600,1158.17,East
369,2020-05-29,Tablet,4,400,845.16,South
370,2020-05-29,Monitor,5,300,961.45,South
371,2020-05-30,Headphones,1,100,57.39,East
372,2020-05-30,Charger,5,25,74.65,East
373,2020-05-30,Laptop,2,800,937.97,East
374,2020-05-30,Tablet,4,400,885.68,South
375,2020-05-30,Monitor,4,300,660.93,East
376,2020-05-31,Laptop,5,800,2500.46,West
377,2020-05-31,Tablet,1,400,256.35,North
378,2020-06-01,Monitor,1,300,179.21,West
379,2020-06-01,Keyboard,3,50,94.43,South
380,2020-06-01,Keyboard,2,50,54.18,West
381,2020-06-01,Headphones,3,100,178.1,East
382,2020-06-02,Tablet,3,400,644.13,North
383,2020-06-02,Charger,4,25,55.45,South
384,2020-06-02,Keyboard,4,50,128.14,North
385,2020-06-04,Laptop,4,800,1743.11,East
386,2020-06-05,Mouse,3,30,50.51,West
387,2020-06-05,Mouse,2,30,33.61,West
388,2020-06-06,Mouse,4,30,63.76,North
389,2020-06-06,Tablet,4,400,905.86,North
390,2020-06-08,Tablet,4,400,1074.08,South
391,2020-06-08,Phone,5,600,1758.26,East
392,2020-06-08,Tablet,5,400,1059.94,South
393,2020-06-09,Laptop,1,800,428.18,East
394,2020-06-09,Tablet,2,400,533.52,North
395,2020-06-10,Phone,4,600,1481.27,South
396,2020-06-10,Mouse,2,30,38.41,South
397,2020-06-11,Headphones,1,100,59.28,South
398,2020-06-11,Monitor,4,300,784.35,North
399,2020-06-13,Phone,5,600,1993.22,West
400,2020-06-13,Tablet,3,400,745.21,West
401,2020-06-13,Charger,2,25,29.4,South
402,2020-06-13,Phone,1,600,323.72,West
403,2020-06-13,Monitor,5,300,833.16,East
404,2020-06-14,Keyboard,3,50,85.45,South
405,2020-06-14,Monitor,1,300,200.31,West
406,2020-06-14,Monitor,2,300,401.11,West
407,2020-06-14,Phone,2,600,634.78,North
408,2020-06-15,Phone,2,600,712.66,West
409,2020-06-16,Phone,5,600,1774.88,South
410,2020-06-16,Laptop,2,800,865.82,South
411,2020-06-16,Headphones,4,100,221.32,West
412,2020-06-16,Tablet,3,400,765.14,North
413,2020-06-17,Tablet,3,400,782.96,North
414,2020-06-17,Headphones,4,100,251.16,South
415,2020-06-18,Mouse,1,30,16.87,South
416,2020-06-18,Mouse,5,30,83.55,East
417,2020-06-18,Tablet,5,400,1277.02,North
418,2020-06-19,Laptop,2,800,1072.62,East
419,2020-06-19,Laptop,2,800,991.59,East
420,2020-06-19,Laptop,4,800,2059.27,South
421,2020-06-20,Monitor,4,300,774.51,North
422,2020-06-21,Laptop,4,800,2023.3,North
423,2020-06-21,Phone,1,600,324.81,South
424,2020-06-21,Monitor,5,300,916.83,West
425,2020-06-22,Tablet,1,400,245.09,East
426,2020-06-23,Mouse,5,30,82.3,South
427,2020-06-23,Tablet,3,400,776.21,North
428,2020-06-23,Tablet,3,400,777.0,East
429,2020-06-24,Headphones,2,100,131.17,East
430,2020-06-25,Headphones,5,100,283.05,West
431,2020-06-25,Laptop,1,800,484.74,North
432,2020-06-25,Charger,2,25,28.49,North
433,2020-06-26,Keyboard,4,50,124.49,East
434,2020-06-26,Phone,5,600,1807.44,North
435,2020-06-27,Headphones,3,100,189.82,South
436,2020-06-27,Charger,3,25,48.73,East
437,2020-06-28,Phone,4,600,1281.84,North
438,2020-06-28,Phone,2,600,742.13,North
439,2020-06-28,Keyboard,1,50,27.71,West
440,2020-06-30,Tablet,3,400,770.96,West
441,2020-06-30,Charger,2,25,32.94,South
442,2020-07-01,Mouse,2,30,37.48,West
443,2020-07-01,Tablet,1,400,261.07,West
444,2020-07-02,Keyboard,4,50,114.11,South
445,2020-07-02,Laptop,4,800,1940.51,North
446,2020-07-02,Phone,1,600,335.71,North
447,2020-07-02,Monitor,2,300,375.73,East
448,2020-07-03,Keyboard,3,50,81.41,North
449,2020-07-03,Headphones,3,100,164.1,East
450,2020-07-03,Mouse,5,30,91.56,East
451,2020-07-04,Mouse,1,30,20.08,South
452,2020-07-04,Mouse,5,30,92.02,North
453,2020-07-04,Monitor,1,300,165.09,North
454,2020-07-06,Charger,5,25,77.76,North
455,2020-07-06,Mouse,4,30,67.22,South
456,2020-07-07,Mouse,5,30,100.46,South
457,2020-07-07,Mouse,5,30,84.96,North
458,2020-07-07,Tablet,5,400,1335.9,North
459,2020-07-07,Tablet,4,400,961.18,West
460,2020-07-08,Mouse,5,30,91.19,South
461,2020-07-08,Charger,4,25,58.12,South
462,2020-07-08,Phone,3,600,1065.47,North
463,2020-07-09,Laptop,5,800,2650.15,North
464,2020-07-09,Keyboard,2,50,53.55,East
465,2020-07-09,Keyboard,2,50,63.6,South
466,2020-07-10,Tablet,4,400,951.49,North
467,2020-07-10,Keyboard,4,50,109.79,West
468,2020-07-10,Monitor,2,300,376.14,West
469,2020-07-10,Headphones,3,100,182.5,North
470,2020-07-11,Tablet,3,400,774.69,West
471,2020-07-11,Headphones,2,100,120.47,West
472,2020-07-11,Keyboard,4,50,107.77,North
473,2020-07-12,Charger,4,25,53.96,North
474,2020-07-12,Headphones,4,100,218.82,South
475,2020-07-12,Charger,3,25,45.5,North
476,2020-07-14,Mouse,5,30,90.59,West
477,2020-07-14,Keyboard,4,50,117.6,East
478,2020-07-14,Keyboard,4,50,129.28,North
479,2020-07-15,Monitor,5,300,799.0,West
480,2020-07-15,Headphones,4,100,246.56,East
481,2020-07-16,Headphones,1,100,57.0,West
482,2020-07-16,Tablet,1,400,225.09,North
483,2020-07-16,Mouse,2,30,35.96,North
484,2020-07-16,Monitor,1,300,174.6,South
485,2020-07-16,Charger,3,25,50.12,North
486,2020-07-17,Tablet,4,400,930.28,South
487,2020-07-17,Charger,2,25,28.24,South
488,2020-07-18,Mouse,1,30,18.88,North
489,2020-07-21,Charger,3,25,47.65,East
490,2020-07-21,Charger,3,25,47.06,East
491,2020-07-21,Tablet,5,400,1070.1,West
492,2020-07-22,Tablet,1,400,228.44,South
493,2020-07-22,Tablet,3,400,801.3,West
494,2020-07-23,Monitor,2,300,382.52,West
495,2020-07-24,Mouse,1,30,16.55,South
496,2020-07-24,Phone,4,600,1599.77,East
497,2020-07-24,Monitor,1,300,183.04,East
498,2020-07-24,Monitor,1,300,166.38,East
499,2020-07-25,Charger,4,25,66.7,North
500,2020-07-26,Headphones,4,100,243.74,West
501,2020-07-26,Keyboard,4,50,126.82,North
502,2020-07-26,Laptop,4,800,1863.4,East
503,2020-07-27,Headphones,3,100,181.84,North
504,2020-07-28,Phone,4,600,1505.45,East
505,2020-07-28,Charger,4,25,58.79,North
506,2020-07-28,Mouse,3,30,51.68,West
507,2020-07-28,Keyboard,4,50,109.61,East
508,2020-07-28,Laptop,2,800,862.04,South
509,2020-07-29,Phone,5,600,1645.65,South
510,2020-07-29,Monitor,3,300,588.42,East
511,2020-07-30,Charger,1,25,16.34,West
512,2020-07-31,Mouse,3,30,50.31,North
513,2020-07-31,Monitor,1,300,175.53,East
514,2020-07-31,Headphones,3,100,189.52,South
515,2020-07-31,Mouse,1,30,17.19,North
516,2020-07-31,Charger,1,25,16.2,South
517,2020-08-01,Phone,5,600,1792.52,East
518,2020-08-02,Keyboard,5,50,158.91,North
519,2020-08-02,Laptop,5,800,2375.3,South
520,2020-08-02,Monitor,5,300,989.84,North
521,2020-08-02,Laptop,5,800,2437.57,East
522,2020-08-03,Charger,3,25,48.62,West
523,2020-08-04,Keyboard,4,50,130.13,West
524,2020-08-04,Mouse,2,30,34.09,South
525,2020-08-04,Charger,1,25,15.08,West
526,2020-08-05,Laptop,2,800,885.32,East
527,2020-08-06,Mouse,1,30,17.96,North
528,2020-08-07,Keyboard,1,50,31.47,South
529,2020-08-07,Charger,3,25,48.14,West
530,2020-08-07,Keyboard,5,50,167.08,South
531,2020-08-07,Charger,2,25,29.96,South
532,2020-08-08,Mouse,2,30,36.93,East
533,2020-08-08,Monitor,2,300,320.41,South
534,2020-08-08,Headphones,1,100,56.88,West
535,2020-08-08,Headphones,4,100,243.28,South
536,2020-08-08,Tablet,1,400,265.86,West
537,2020-08-08,Charger,1,25,13.24,West
538,2020-08-10,Headphones,3,100,182.85,North
539,2020-08-11,Monitor,1,300,168.91,East
540,2020-08-12,Laptop,4,800,2136.16,North
541,2020-08-12,Phone,4,600,1309.16,West
542,2020-08-12,Keyboard,1,50,29.77,West
543,2020-08-12,Laptop,2,800,969.16,North
544,2020-08-12,Mouse,4,30,68.87,East
545,2020-08-13,Monitor,5,300,839.21,East
546,2020-08-13,Mouse,3,30,49.91,North
547,2020-08-13,Laptop,2,800,897.79,South
548,2020-08-14,Headphones,2,100,131.91,South
549,2020-08-14,Tablet,5,400,1084.2,East
550,2020-08-14,Keyboard,5,50,157.4,South
551,2020-08-14,Monitor,4,300,750.35,North
552,2020-08-15,Mouse,1,30,19.34,South
553,2020-08-16,Mouse,5,30,89.66,South
554,2020-08-16,Keyboard,2,50,53.3,West
555,2020-08-16,Charger,3,25,49.9,South
556,2020-08-16,Keyboard,5,50,157.84,West
557,2020-08-16,Phone,2,600,664.56,South
558,2020-08-17,Phone,2,600,797.6,East
559,2020-08-17,Phone,5,600,1586.27,North
560,2020-08-17,Charger,5,25,74.63,East
561,2020-08-18,Monitor,3,300,487.18,East
562,2020-08-18,Charger,4,25,59.04,North
563,2020-08-18,Tablet,4,400,913.31,North
564,2020-08-19,Tablet,2,400,470.07,North
565,2020-08-19,Mouse,1,30,16.26,West
566,2020-08-19,Laptop,3,800,1339.56,East
567,2020-08-19,Laptop,1,800,493.38,West
568,2020-08-20,Monitor,5,300,905.25,West
569,2020-08-20,Charger,3,25,41.36,West
570,2020-08-21,Mouse,4,30,78.67,East
571,2020-08-21,Tablet,1,400,264.08,East
572,2020-08-21,Monitor,3,300,587.9,North
573,2020-08-21,Charger,3,25,41.75,West
574,2020-08-22,Headphones,5,100,332.85,North
575,2020-08-22,Phone,1,600,342.15,East
576,2020-08-22,Keyboard,5,50,158.73,South
577,2020-08-22,Monitor,3,300,568.33,South
578,2020-08-22,Headphones,5,100,335.89,East
579,2020-08-23,Tablet,4,400,1029.41,East
580,2020-08-23,Mouse,3,30,56.16,West
581,2020-08-24,Monitor,4,300,695.59,North
582,2020-08-24,Headphones,4,100,213.37,West
583,2020-08-24,Phone,2,600,709.37,East
584,2020-08-25,Keyboard,1,50,27.12,West
585,2020-08-25,Keyboard,5,50,150.37,South
586,2020-08-25,Mouse,5,30,92.38,South
587,2020-08-26,Charger,3,25,47.95,East
588,2020-08-26,Keyboard,4,50,129.38,North
589,2020-08-26,Laptop,3,800,1322.4,East
590,2020-08-26,Monitor,1,300,193.08,North
591,2020-08-27,Monitor,1,300,164.48,East
592,2020-08-28,Laptop,1,800,495.63,North
593,2020-08-29,Laptop,1,800,455.47,East
594,2020-08-30,Mouse,5,30,91.11,South
595,2020-08-31,Mouse,4,30,67.84,South
596,2020-09-01,Phone,2,600,790.86,West
597,2020-09-01,Laptop,1,800,517.11,West
598,2020-09-01,Laptop,1,800,531.0,North
599,2020-09-01,Laptop,1,800,437.69,South
600,2020-09-02,Mouse,2,30,36.78,North
601,2020-09-02,Mouse,3,30,54.78,West
602,2020-09-03,Phone,3,600,1143.91,West
603,2020-09-04,Laptop,4,800,1741.64,South
604,2020-09-04,Keyboard,4,50,112.62,North
605,2020-09-05,Tablet,2,400,448.5,West
606,2020-09-05,Tablet,4,400,920.45,West
607,2020-09-05,Headphones,1,100,66.88,East
608,2020-09-05,Monitor,2,300,333.66,East
609,2020-09-06,Monitor,4,300,786.9,West
610,2020-09-06,Monitor,3,300,550.62,North
611,2020-09-07,Monitor,4,300,713.23,West
612,2020-09-07,Laptop,1,800,472.34,North
613,2020-09-07,Laptop,1,800,435.29,West
614,2020-09-07,Phone,1,600,327.98,South
615,2020-09-10,Phone,2,600,646.54,North
616,2020-09-10,Tablet,4,400,901.01,North
617,2020-09-11,Charger,1,25,14.58,North
618,2020-09-11,Charger,5,25,68.58,South
619,2020-09-11,Headphones,2,100,123.14,East
620,2020-09-12,Headphones,3,100,180.38,South
621,2020-09-12,Charger,5,25,77.78,South
622,2020-09-12,Mouse,4,30,68.82,East
623,2020-09-12,Tablet,4,400,1048.19,West
624,2020-09-13,Phone,3,600,964.32,East
625,2020-09-13,Laptop,2,800,961.77,West
626,2020-09-14,Headphones,5,100,286.04,North
627,2020-09-14,Charger,1,25,15.59,West
628,2020-09-14,Laptop,3,800,1348.13,South
629,2020-09-14,Keyboard,4,50,128.82,East
630,2020-09-14,Phone,1,600,388.63,North
631,2020-09-14,Keyboard,2,50,61.32,East
632,2020-09-14,Laptop,5,800,2303.23,South
633,2020-09-15,Monitor,2,300,320.18,East
634,2020-09-16,Keyboard,5,50,151.16,West
635,2020-09-16,Mouse,3,30,58.48,West
636,2020-09-17,Charger,2,25,31.38,North
637,2020-09-17,Headphones,1,100,53.43,South
638,2020-09-18,Mouse,3,30,48.24,North
639,2020-09-18,Charger,5,25,68.12,East
640,2020-09-18,Keyboard,5,50,152.09,South
641,2020-09-19,Charger,2,25,33.26,West
642,2020-09-19,Keyboard,1,50,32.63,North
643,2020-09-20,Laptop,5,800,2368.64,West
644,2020-09-20,Headphones,3,100,188.41,North
645,2020-09-21,Charger,3,25,48.47,North
646,2020-09-21,Monitor,4,300,654.51,North
647,2020-09-22,Laptop,3,800,1401.32,South
648,2020-09-22,Tablet,5,400,1254.21,West
649,2020-09-22,Laptop,3,800,1482.38,South
650,2020-09-22,Phone,4,600,1583.79,North
651,2020-09-22,Tablet,3,400,779.78,West
652,2020-09-23,Tablet,4,400,989.2,West
653,2020-09-24,Laptop,5,800,2506.2,South
654,2020-09-24,Laptop,4,800,1860.27,North
655,2020-09-25,Mouse,5,30,92.37,North
656,2020-09-25,Monitor,3,300,565.44,North
657,2020-09-26,Charger,4,25,63.88,North
658,2020-09-26,Monitor,4,300,687.82,North
659,2020-09-26,Phone,1,600,381.23,North
660,2020-09-27,Headphones,3,100,161.77,North
661,2020-09-27,Keyboard,3,50,92.09,North
662,2020-09-27,Phone,5,600,1766.8,West
663,2020-09-28,Headphones,3,100,175.6,South
664,2020-09-28,Phone,5,600,1978.63,West
665,2020-09-28,Laptop,2,800,931.48,East
666,2020-09-29,Phone,3,600,1091.99,North
667,2020-09-30,Headphones,2,100,110.31,South
668,2020-09-30,Charger,3,25,42.93,North
669,2020-09-30,Mouse,2,30,34.35,South
670,2020-09-30,Headphones,1,100,65.95,South
671,2020-10-01,Keyboard,4,50,121.86,West
672,2020-10-01,Mouse,1,30,19.5,West
673,2020-10-01,Laptop,1,800,534.5,North
674,2020-10-01,Tablet,3,400,701.12,South
675,2020-10-02,Headphones,2,100,120.17,East
676,2020-10-03,Mouse,1,30,20.16,East
677,2020-10-03,Phone,3,600,1157.37,South
678,2020-10-03,Monitor,1,300,164.38,West
679,2020-10-04,Laptop,3,800,1486.98,South
680,2020-10-05,Phone,3,600,1108.95,North
681,2020-10-05,Phone,5,600,1758.28,North
682,2020-10-05,Charger,1,25,16.05,North
683,2020-10-06,Charger,2,25,31.89,West
684,2020-10-07,Headphones,5,100,278.56,East
685,2020-10-07,Phone,1,600,346.0,East
686,2020-10-07,Charger,3,25,44.72,East
687,2020-10-08,Keyboard,1,50,29.67,North
688,2020-10-08,Monitor,3,300,520.79,North
689,2020-10-08,Laptop,4,800,1875.43,South
690,2020-10-09,Keyboard,1,50,27.67,North
691,2020-10-09,Charger,3,25,47.98,South
692,2020-10-09,Monitor,5,300,831.3,South
693,2020-10-09,Charger,3,25,48.56,East
694,2020-10-10,Charger,1,25,16.23,South
695,2020-10-10,Monitor,5,300,822.54,East
696,2020-10-10,Laptop,3,800,1508.23,East
697,2020-10-10,Tablet,2,400,489.95,East
698,2020-10-10,Tablet,3,400,646.31,West
699,2020-10-10,Keyboard,2,50,55.69,West
700,2020-10-11,Phone,4,600,1283.4,North
701,2020-10-11,Mouse,2,30,35.91,South
702,2020-10-11,Headphones,3,100,163.36,West
703,2020-10-12,Charger,5,25,66.98,South
704,2020-10-12,Tablet,3,400,649.2,North
705,2020-10-12,Mouse,2,30,39.61,East
706,2020-10-13,Charger,2,25,30.52,East
707,2020-10-13,Headphones,4,100,248.27,West
708,2020-10-13,Headphones,4,100,267.29,West
709,2020-10-13,Phone,4,600,1598.44,West
710,2020-10-14,Mouse,1,30,16.97,North
711,2020-10-15,Headphones,1,100,64.11,East
712,2020-10-15,Mouse,5,30,88.9,North
713,2020-10-15,Tablet,1,400,219.91,West
714,2020-10-15,Monitor,2,300,389.09,South
715,2020-10-16,Keyboard,1,50,28.9,East
716,2020-10-16,Keyboard,5,50,145.12,South
717,2020-10-16,Mouse,5,30,86.15,West
718,2020-10-17,Laptop,5,800,2173.81,West
719,2020-10-17,Laptop,1,800,443.38,North
720,2020-10-18,Charger,5,25,67.08,West
721,2020-10-19,Laptop,2,800,918.88,North
722,2020-10-19,Keyboard,4,50,123.4,South
723,2020-10-19,Monitor,4,300,665.97,South
724,2020-10-20,Charger,2,25,29.83,North
725,2020-10-20,Keyboard,5,50,144.89,North
726,2020-10-20,Laptop,5,800,2338.99,East
727,2020-10-20,Mouse,1,30,17.0,East
728,2020-10-20,Monitor,4,300,756.2,North
729,2020-10-21,Laptop,4,800,1872.38,West
730,2020-10-21,Charger,4,25,58.89,South
731,2020-10-21,Keyboard,2,50,65.92,East
732,2020-10-22,Headphones,2,100,110.28,North
733,2020-10-22,Keyboard,3,50,95.92,West
734,2020-10-22,Laptop,1,800,510.31,West
735,2020-10-23,Keyboard,5,50,152.53,West
736,2020-10-23,Mouse,3,30,57.01,East
737,2020-10-24,Charger,5,25,83.18,North
738,2020-10-25,Keyboard,4,50,116.03,North
739,2020-10-25,Headphones,3,100,192.82,North
740,2020-10-26,Monitor,4,300,775.71,West
741,2020-10-27,Headphones,1,100,53.0,East
742,2020-10-27,Mouse,3,30,55.8,West
743,2020-10-28,Charger,5,25,67.76,West
744,2020-10-29,Headphones,4,100,213.03,East
745,2020-10-29,Monitor,1,300,188.79,West
746,2020-10-30,Tablet,2,400,434.14,East
747,2020-10-31,Keyboard,1,50,31.17,East
748,2020-10-31,Phone,1,600,375.14,East
749,2020-11-01,Headphones,5,100,318.22,North
750,2020-11-01,Charger,4,25,72.5,North
751,2020-11-01,Monitor,3,300,656.68,West
752,2020-11-01,Monitor,5,300,1026.84,North
753,2020-11-02,Headphones,5,100,352.11,West
754,2020-11-02,Mouse,1,30,23.62,East
755,2020-11-02,Laptop,1,800,540.71,North
756,2020-11-03,Tablet,4,400,1196.38,East
757,2020-11-04,Laptop,2,800,1019.27,South
758,2020-11-05,Phone,2,600,941.35,South
759,2020-11-05,Laptop,5,800,2975.07,East
760,2020-11-06,Monitor,5,300,980.38,North
761,2020-11-06,Tablet,4,400,1253.55,North
762,2020-11-08,Tablet,4,400,1242.41,South
763,2020-11-08,Tablet,3,400,916.34,North
764,2020-11-08,Mouse,4,30,92.19,South
765,2020-11-09,Mouse,1,30,19.35,South
766,2020-11-09,Headphones,5,100,321.55,North
767,2020-11-09,Phone,3,600,1191.02,West
768,2020-11-09,Monitor,5,300,1061.01,North
769,2020-11-10,Phone,5,600,1944.74,West
770,2020-11-10,Mouse,1,30,22.78,South
771,2020-11-11,Phone,4,600,1877.28,North
772,2020-11-11,Charger,5,25,85.7,South
773,2020-11-12,Monitor,4,300,932.85,South
774,2020-11-12,Keyboard,5,50,178.91,South
775,2020-11-13,Charger,4,25,77.25,West
776,2020-11-14,Headphones,5,100,377.34,West
777,2020-11-14,Mouse,5,30,95.74,South
778,2020-11-15,Keyboard,4,50,149.18,West
779,2020-11-15,Mouse,5,30,98.12,West
780,2020-11-16,Headphones,2,100,135.87,South
781,2020-11-17,Phone,1,600,412.19,East
782,2020-11-17,Laptop,5,800,2734.62,North
783,2020-11-18,Tablet,2,400,532.65,North
784,2020-11-18,Phone,5,600,1921.12,South
785,2020-11-18,Charger,2,25,32.27,South
786,2020-11-19,Mouse,2,30,41.27,West
787,2020-11-19,Monitor,3,300,580.49,East
788,2020-11-20,Charger,2,25,34.26,West
789,2020-11-20,Phone,2,600,913.69,North
790,2020-11-20,Mouse,3,30,68.77,South
791,2020-11-21,Phone,4,600,1922.53,North
792,2020-11-21,Headphones,3,100,234.15,North
793,2020-11-21,Monitor,1,300,232.67,South
794,2020-11-21,Keyboard,5,50,170.26,South
795,2020-11-21,Monitor,2,300,444.53,South
796,2020-11-22,Mouse,1,30,22.65,East
797,2020-11-23,Monitor,5,300,977.39,South
798,2020-11-23,Headphones,5,100,369.42,West
799,2020-11-23,Charger,5,25,83.94,West
800,2020-11-23,Monitor,3,300,704.22,West
801,2020-11-23,Keyboard,3,50,104.57,East
802,2020-11-24,Phone,4,600,1675.94,South
803,2020-11-24,Keyboard,5,50,175.67,West
804,2020-11-25,Headphones,2,100,142.51,West
805,2020-11-25,Keyboard,1,50,32.21,North
806,2020-11-25,Charger,5,25,84.58,South
807,2020-11-26,Laptop,5,800,2584.96,North
808,2020-11-26,Tablet,1,400,270.59,West
809,2020-11-26,Tablet,4,400,1137.67,North
810,2020-11-27,Monitor,5,300,961.88,South
811,2020-11-27,Monitor,1,300,223.02,South
812,2020-11-27,Tablet,2,400,600.56,South
813,2020-11-28,Monitor,1,300,230.58,South
814,2020-11-28,Charger,3,25,49.78,North
815,2020-11-28,Mouse,4,30,78.45,West
816,2020-11-29,Headphones,1,100,69.84,West
817,2020-11-29,Laptop,2,800,1102.32,West
818,2020-11-30,Charger,2,25,34.25,East
819,2020-11-30,Phone,4,600,1718.65,North
820,2020-12-01,Phone,1,600,398.53,South
821,2020-12-01,Phone,4,600,1934.31,East
822,2020-12-01,Monitor,4,300,787.06,West
823,2020-12-01,Monitor,4,300,842.36,South
824,2020-12-01,Laptop,2,800,1203.91,North
825,2020-12-02,Charger,5,25,89.18,East
826,2020-12-02,Monitor,1,300,230.07,South
827,2020-12-03,Laptop,4,800,2036.22,North
828,2020-12-03,Charger,1,25,19.07,South
829,2020-12-03,Phone,4,600,1913.32,South
830,2020-12-03,Mouse,1,30,20.48,South
831,2020-12-03,Phone,5,600,2274.38,South
832,2020-12-03,Keyboard,3,50,100.37,East
833,2020-12-04,Charger,3,25,59.8,East
834,2020-12-04,Mouse,3,30,58.44,North
835,2020-12-04,Headphones,2,100,143.38,North
836,2020-12-04,Headphones,3,100,235.51,East
837,2020-12-05,Tablet,5,400,1394.73,West
838,2020-12-05,Monitor,1,300,227.39,West
839,2020-12-05,Laptop,1,800,636.68,West
840,2020-12-06,Monitor,5,300,1161.51,South
841,2020-12-07,Keyboard,4,50,137.99,West
842,2020-12-08,Headphones,3,100,231.98,East
843,2020-12-08,Laptop,3,800,1705.47,East
844,2020-12-09,Headphones,2,100,156.61,South
845,2020-12-09,Charger,3,25,53.45,South
846,2020-12-09,Laptop,1,800,632.25,East
847,2020-12-09,Monitor,3,300,679.39,South
848,2020-12-09,Monitor,5,300,974.62,South
849,2020-12-10,Keyboard,2,50,80.32,West
850,2020-12-10,Laptop,3,800,1820.6,North
851,2020-12-10,Laptop,1,800,580.82,North
852,2020-12-10,Keyboard,5,50,176.72,North
853,2020-12-11,Monitor,2,300,429.04,East
854,2020-12-12,Monitor,4,300,861.81,South
855,2020-12-12,Mouse,5,30,99.13,West
856,2020-12-12,Tablet,5,400,1381.85,North
857,2020-12-14,Charger,2,25,31.95,South
858,2020-12-14,Phone,4,600,1767.98,South
859,2020-12-14,Mouse,2,30,38.07,East
860,2020-12-14,Tablet,5,400,1568.96,South
861,2020-12-14,Keyboard,3,50,112.0,South
862,2020-12-15,Tablet,3,400,839.4,East
863,2020-12-15,Laptop,5,800,3053.41,East
864,2020-12-15,Mouse,1,30,19.25,West
865,2020-12-16,Tablet,1,400,298.63,West
866,2020-12-17,Monitor,3,300,648.84,South
867,2020-12-17,Monitor,2,300,415.69,North
868,2020-12-17,Headphones,3,100,221.52,West
869,2020-12-17,Charger,2,25,31.89,East
870,2020-12-18,Charger,3,25,49.17,West
871,2020-12-19,Phone,3,600,1203.93,East
872,2020-12-19,Laptop,1,800,564.5,East
873,2020-12-19,Keyboard,4,50,154.36,North
874,2020-12-19,Phone,2,600,845.42,North
875,2020-12-21,Phone,1,600,411.38,South
876,2020-12-21,Headphones,2,100,143.23,North
877,2020-12-21,Phone,2,600,866.24,West
878,2020-12-21,Tablet,2,400,604.54,North
879,2020-12-21,Monitor,4,300,961.0,West
880,2020-12-22,Mouse,5,30,113.28,South
881,2020-12-22,Tablet,5,400,1516.74,North
882,2020-12-22,Phone,4,600,1782.63,North
883,2020-12-23,Laptop,4,800,2215.66,South
884,2020-12-23,Headphones,4,100,303.89,West
885,2020-12-24,Tablet,3,400,919.34,North
886,2020-12-24,Monitor,3,300,573.65,West
887,2020-12-24,Monitor,3,300,619.7,North
888,2020-12-24,Headphones,1,100,69.54,East
889,2020-12-24,Keyboard,2,50,77.08,South
890,2020-12-25,Keyboard,1,50,32.08,West
891,2020-12-25,Monitor,5,300,1187.0,North
892,2020-12-25,Charger,1,25,19.52,East
893,2020-12-25,Charger,4,25,64.78,North
894,2020-12-25,Keyboard,2,50,67.67,South
895,2020-12-26,Tablet,1,400,293.35,West
896,2020-12-26,Monitor,1,300,192.46,South
897,2020-12-26,Headphones,4,100,293.95,West
898,2020-12-26,Monitor,5,300,1149.34,East
899,2020-12-27,Mouse,2,30,43.39,East
900,2020-12-28,Monitor,2,300,425.31,North
901,2021-01-01,Keyboard,5,50,193.62,East
902,2021-01-01,Keyboard,1,50,39.75,South
903,2021-01-01,Keyboard,1,50,31.89,South
904,2021-01-02,Headphones,4,100,319.39,South
905,2021-01-02,Phone,5,600,2297.58,South
906,2021-01-02,Keyboard,4,50,148.87,North
907,2021-01-03,Monitor,3,300,707.65,North
908,2021-01-03,Laptop,1,800,599.87,North
909,2021-01-04,Keyboard,5,50,174.54,South
910,2021-01-04,Laptop,5,800,2852.6,West
911,2021-01-04,Mouse,2,30,48.22,South
912,2021-01-04,Phone,3,600,1446.67,West
913,2021-01-04,Charger,2,25,38.73,West
914,2021-01-05,Charger,1,25,18.35,South
915,2021-01-05,Phone,3,600,1228.15,West
916,2021-01-05,Monitor,3,300,710.24,West
917,2021-01-05,Phone,4,600,1856.73,West
918,2021-01-06,Laptop,1,800,556.35,West
919,2021-01-06,Mouse,5,30,119.5,South
920,2021-01-06,Mouse,1,30,19.61,West
921,2021-01-06,Mouse,4,30,78.79,East
922,2021-01-06,Keyboard,4,50,150.12,North
923,2021-01-06,Charger,3,25,49.01,East
924,2021-01-06,Phone,1,600,447.38,South
925,2021-01-07,Tablet,5,400,1519.62,East
926,2021-01-07,Monitor,2,300,433.88,South
927,2021-01-07,Monitor,4,300,899.69,South
928,2021-01-08,Phone,3,600,1356.28,West
929,2021-01-08,Headphones,5,100,333.23,North
930,2021-01-08,Keyboard,1,50,36.9,West
931,2021-01-09,Tablet,4,400,1198.73,East
932,2021-01-09,Mouse,2,30,44.72,West
933,2021-01-09,Headphones,4,100,277.51,South
934,2021-01-09,Tablet,2,400,625.63,East
935,2021-01-10,Charger,5,25,97.71,South
936,2021-01-10,Headphones,3,100,230.87,South
937,2021-01-11,Charger,4,25,73.52,West
938,2021-01-11,Laptop,5,800,3058.98,South
939,2021-01-11,Keyboard,2,50,69.91,East
940,2021-01-11,Monitor,5,300,959.42,West
941,2021-01-11,Keyboard,4,50,130.91,West
942,2021-01-11,Charger,2,25,33.09,East
943,2021-01-12,Tablet,3,400,950.91,West
944,2021-01-13,Keyboard,4,50,158.9,East
945,2021-01-13,Phone,5,600,2065.33,North
946,2021-01-14,Laptop,1,800,595.2,North
947,2021-01-14,Monitor,1,300,205.53,South
948,2021-01-14,Mouse,1,30,19.81,South
949,2021-01-14,Charger,5,25,84.55,North
950,2021-01-14,Charger,5,25,81.85,South
951,2021-01-15,Phone,4,600,1734.18,South
952,2021-01-15,Mouse,1,30,22.97,South
953,2021-01-15,Keyboard,3,50,115.51,South
954,2021-01-16,Monitor,2,300,400.67,East
955,2021-01-16,Tablet,1,400,304.44,South
956,2021-01-17,Keyboard,3,50,105.77,West
957,2021-01-18,Phone,3,600,1408.09,East
958,2021-01-18,Monitor,3,300,704.99,North
959,2021-01-18,Charger,1,25,16.88,South
960,2021-01-18,Headphones,4,100,275.09,East
961,2021-01-18,Mouse,2,30,42.79,South
962,2021-01-19,Tablet,4,400,1085.71,South
963,2021-01-19,Mouse,2,30,43.01,North
964,2021-01-19,Keyboard,5,50,172.85,East
965,2021-01-20,Headphones,5,100,349.77,West
966,2021-01-20,Monitor,5,300,1075.66,East
967,2021-01-20,Phone,4,600,1668.14,East
968,2021-01-20,Headphones,1,100,70.01,North
969,2021-01-21,Charger,5,25,86.58,East
970,2021-01-22,Charger,1,25,19.35,North
971,2021-01-23,Laptop,5,800,3191.66,West
972,2021-01-23,Laptop,1,800,643.91,North
973,2021-01-23,Monitor,4,300,860.1,East
974,2021-01-24,Monitor,5,300,995.36,South
975,2021-01-24,Laptop,5,800,2608.8,East
976,2021-01-24,Phone,1,600,423.32,North
977,2021-01-25,Phone,3,600,1417.01,North
978,2021-01-25,Monitor,1,300,213.34,East
979,2021-01-27,Phone,4,600,1648.4,South
980,2021-01-27,Mouse,2,30,44.55,East
981,2021-01-27,Laptop,1,800,559.82,West
982,2021-01-28,Phone,2,600,791.14,North
983,2021-01-28,Phone,3,600,1229.15,East
984,2021-01-28,Charger,1,25,17.45,West
985,2021-01-28,Headphones,2,100,159.52,East
986,2021-01-29,Headphones,5,100,372.21,West
987,2021-01-29,Keyboard,1,50,36.41,West
988,2021-01-29,Mouse,1,30,20.64,East
989,2021-01-30,Charger,5,25,84.94,West
990,2021-02-01,Headphones,4,100,257.23,South
991,2021-02-01,Headphones,3,100,214.18,West
992,2021-02-01,Phone,4,600,1835.49,North
993,2021-02-01,Mouse,5,30,95.53,South
994,2021-02-01,Headphones,4,100,280.3,West
995,2021-02-02,Charger,2,25,38.99,West
996,2021-02-02,Phone,4,600,1771.48,North
997,2021-02-02,Tablet,5,400,1550.26,West
998,2021-02-03,Tablet,2,400,635.04,South
999,2021-02-03,Mouse,3,30,60.26,North
1000,2021-02-05,Charger,2,25,32.86,South
1001,2021-02-05,Charger,4,25,79.59,South
1002,2021-02-05,Phone,4,600,1638.34,South
1003,2021-02-05,Headphones,2,100,128.52,North
1004,2021-02-05,Laptop,4,800,2317.8,East
1005,2021-02-05,Charger,4,25,79.86,North
1006,2021-02-06,Tablet,3,400,921.39,South
1007,2021-02-07,Charger,1,25,18.25,West
1008,2021-02-08,Tablet,3,400,934.38,South
1009,2021-02-09,Headphones,1,100,72.08,West
1010,2021-02-09,Phone,1,600,397.24,West
1011,2021-02-09,Charger,1,25,19.19,East
1012,2021-02-10,Mouse,4,30,88.76,North
1013,2021-02-10,Charger,2,25,34.65,East
1014,2021-02-11,Charger,1,25,16.11,North
1015,2021-02-12,Charger,3,25,55.23,North
1016,2021-02-12,Charger,5,25,83.59,North
1017,2021-02-13,Mouse,5,30,108.37,South
1018,2021-02-13,Charger,4,25,72.03,West
1019,2021-02-13,Keyboard,4,50,139.42,South
1020,2021-02-13,Tablet,5,400,1476.93,North
1021,2021-02-14,Charger,2,25,32.85,West
1022,2021-02-14,Phone,4,600,1876.04,South
1023,2021-02-14,Charger,3,25,57.5,South
1024,2021-02-14,Keyboard,1,50,32.62,West
1025,2021-02-14,Laptop,3,800,1843.99,South
1026,2021-02-14,Charger,4,25,72.36,South
1027,2021-02-15,Headphones,3,100,228.47,East
1028,2021-02-15,Laptop,4,800,2137.15,South
1029,2021-02-15,Keyboard,3,50,99.45,South
1030,2021-02-16,Charger,1,25,16.17,West
1031,2021-02-16,Phone,1,600,453.38,East
1032,2021-02-16,Laptop,5,800,2731.04,East
1033,2021-02-16,Tablet,3,400,827.52,North
1034,2021-02-16,Monitor,5,300,1112.46,South
1035,2021-02-17,Keyboard,5,50,175.67,West
1036,2021-02-17,Mouse,2,30,39.1,West
1037,2021-02-18,Headphones,4,100,293.46,North
1038,2021-02-18,Charger,4,25,74.78,North
1039,2021-02-19,Laptop,4,800,2365.5,West
1040,2021-02-19,Monitor,5,300,1115.62,East
1041,2021-02-19,Headphones,2,100,151.74,South
1042,2021-02-19,Keyboard,1,50,39.63,East
1043,2021-02-20,Mouse,2,30,44.73,North
1044,2021-02-20,Laptop,2,800,1030.36,North
1045,2021-02-20,Tablet,5,400,1530.98,East
1046,2021-02-21,Laptop,5,800,2794.38,South
1047,2021-02-21,Headphones,2,100,138.33,North
1048,2021-02-22,Laptop,3,800,1632.28,South
1049,2021-02-22,Tablet,1,400,294.58,East
1050,2021-02-22,Charger,1,25,18.26,East
1051,2021-02-23,Mouse,1,30,23.8,East
1052,2021-02-23,Mouse,2,30,46.23,North
1053,2021-02-23,Charger,3,25,55.53,East
1054,2021-02-24,Keyboard,1,50,34.7,West
1055,2021-02-24,Phone,4,600,1524.45,South
1056,2021-02-24,Monitor,1,300,237.78,South
1057,2021-02-24,Headphones,3,100,218.91,North
1058,2021-02-25,Keyboard,1,50,34.21,West
1059,2021-02-26,Charger,5,25,93.78,North
1060,2021-02-26,Monitor,2,300,406.04,East
1061,2021-02-27,Tablet,3,400,785.95,North
1062,2021-02-27,Laptop,2,800,1188.75,South
1063,2021-02-27,Monitor,4,300,848.15,East
1064,2021-02-28,Headphones,3,100,198.88,West
1065,2021-02-28,Monitor,5,300,1009.16,North
1066,2021-02-28,Phone,1,600,479.52,West
1067,2021-02-28,Keyboard,1,50,36.36,East
1068,2021-02-28,Monitor,3,300,623.33,East
1069,2021-02-28,Headphones,4,100,294.56,East
1070,2021-03-01,Mouse,4,30,76.88,North
1071,2021-03-01,Phone,1,600,446.97,East
1072,2021-03-01,Laptop,3,800,1548.66,North
1073,2021-03-01,Keyboard,5,50,199.73,West
1074,2021-03-02,Laptop,4,800,2276.42,North
1075,2021-03-02,Laptop,2,800,1236.91,North
1076,2021-03-02,Charger,2,25,39.31,East
1077,2021-03-02,Phone,5,600,2342.64,West
1078,2021-03-02,Mouse,2,30,45.41,North
1079,2021-03-02,Laptop,3,800,1538.59,North
1080,2021-03-03,Charger,5,25,90.99,West
1081,2021-03-03,Keyboard,1,50,33.43,North
1082,2021-03-03,Tablet,1,400,312.64,East
1083,2021-03-03,Charger,2,25,33.53,North
1084,2021-03-03,Phone,2,600,843.53,South
1085,2021-03-04,Monitor,2,300,425.69,South
1086,2021-03-04,Mouse,3,30,64.63,East
1087,2021-03-05,Laptop,5,800,2740.78,East
1088,2021-03-05,Phone,4,600,1523.51,North
1089,2021-03-05,Keyboard,3,50,105.85,North
1090,2021-03-06,Phone,1,600,398.17,South
1091,2021-03-07,Phone,4,600,1851.1,East
1092,2021-03-07,Headphones,5,100,334.62,East
1093,2021-03-07,Headphones,2,100,150.5,South
1094,2021-03-08,Mouse,1,30,21.45,East
1095,2021-03-08,Headphones,2,100,156.91,East
1096,2021-03-09,Monitor,3,300,682.68,North
1097,2021-03-09,Monitor,1,300,206.53,North
1098,2021-03-09,Charger,1,25,19.98,North
1099,2021-03-09,Charger,3,25,57.27,East
1100,2021-03-11,Headphones,4,100,266.97,West
1101,2021-03-12,Headphones,3,100,202.45,South
1102,2021-03-12,Mouse,4,30,79.87,North
1103,2021-03-12,Headphones,3,100,215.93,East
1104,2021-03-12,Phone,4,600,1877.36,East
1105,2021-03-12,Charger,4,25,70.5,South
1106,2021-03-12,Phone,3,600,1354.64,South
1107,2021-03-13,Mouse,1,30,20.01,South
1108,2021-03-13,Headphones,2,100,130.59,North
1109,2021-03-14,Headphones,4,100,315.16,West
1110,2021-03-15,Mouse,5,30,114.96,East
1111,2021-03-15,Phone,4,600,1756.02,South
1112,2021-03-15,Charger,5,25,81.95,South
1113,2021-03-16,Keyboard,4,50,127.33,South
1114,2021-03-16,Mouse,3,30,70.04,West
1115,2021-03-16,Charger,2,25,35.77,South
1116,2021-03-16,Monitor,2,300,408.53,West
1117,2021-03-16,Monitor,1,300,224.66,East
1118,2021-03-16,Phone,5,600,2376.23,North
1119,2021-03-16,Tablet,3,400,858.86,West
1120,2021-03-16,Monitor,5,300,1192.48,East
1121,2021-03-17,Keyboard,3,50,102.41,East
1122,2021-03-17,Phone,2,600,854.25,East
1123,2021-03-17,Mouse,5,30,102.39,North
1124,2021-03-18,Monitor,3,300,700.99,East
1125,2021-03-18,Tablet,4,400,1151.31,East
1126,2021-03-18,Mouse,2,30,45.11,West
1127,2021-03-18,Laptop,1,800,635.84,North
1128,2021-03-19,Phone,3,600,1403.04,South
1129,2021-03-19,Laptop,5,800,2952.08,West
1130,2021-03-19,Charger,3,25,59.24,West
1131,2021-03-20,Phone,3,600,1449.17,North
1132,2021-03-20,Headphones,1,100,64.76,West
1133,2021-03-20,Charger,3,25,55.58,West
1134,2021-03-20,Laptop,4,800,2225.53,West
1135,2021-03-20,Laptop,3,800,1756.28,South
1136,2021-03-21,Charger,4,25,63.7,North
1137,2021-03-21,Laptop,3,800,1728.0,South
1138,2021-03-22,Mouse,1,30,20.81,North
1139,2021-03-22,Charger,1,25,16.4,North
1140,2021-03-23,Keyboard,1,50,38.11,West
1141,2021-03-24,Charger,3,25,56.93,East
1142,2021-03-24,Phone,2,600,784.56,South
1143,2021-03-24,Keyboard,5,50,182.73,East
1144,2021-03-26,Tablet,5,400,1287.04,East
1145,2021-03-26,Tablet,3,400,824.77,South
1146,2021-03-26,Mouse,2,30,40.56,West
1147,2021-03-27,Mouse,3,30,63.58,South
1148,2021-03-27,Monitor,3,300,661.17,East
1149,2021-03-27,Headphones,4,100,260.56,South
1150,2021-03-27,Headphones,4,100,281.0,East
1151,2021-03-27,Mouse,2,30,46.87,North
1152,2021-03-28,Laptop,3,800,1776.2,West
1153,2021-03-28,Keyboard,4,50,159.73,North
1154,2021-03-28,Keyboard,5,50,193.94,South
1155,2021-03-28,Headphones,1,100,74.96,North
1156,2021-03-29,Keyboard,2,50,69.83,North
1157,2021-03-30,Phone,5,600,2329.4,West
1158,2021-03-30,Monitor,1,300,210.93,West
1159,2021-03-31,Phone,3,600,1444.68,West
1160,2021-04-01,Headphones,3,100,239.63,North
1161,2021-04-03,Mouse,5,30,101.07,North
1162,2021-04-03,Tablet,5,400,1565.11,North
1163,2021-04-04,Monitor,5,300,1160.75,North
1164,2021-04-04,Keyboard,3,50,114.95,South
1165,2021-04-04,Charger,4,25,74.24,West
1166,2021-04-05,Tablet,2,400,514.49,East
1167,2021-04-05,Tablet,3,400,766.39,South
1168,2021-04-06,Phone,4,600,1640.69,South
1169,2021-04-07,Headphones,5,100,371.14,South
1170,2021-04-07,Laptop,1,800,509.93,West
1171,2021-04-07,Keyboard,1,50,32.82,South
1172,2021-04-08,Tablet,3,400,768.67,East
1173,2021-04-09,Laptop,3,800,1928.29,South
1174,2021-04-09,Phone,5,600,2096.86,South
1175,2021-04-09,Mouse,3,30,69.73,South
1176,2021-04-09,Monitor,1,300,225.81,North
1177,2021-04-10,Laptop,3,800,1866.44,South
1178,2021-04-10,Tablet,1,400,307.63,West
1179,2021-04-11,Charger,1,25,15.98,East
1180,2021-04-11,Tablet,1,400,259.22,West
1181,2021-04-11,Tablet,1,400,265.61,South
1182,2021-04-12,Tablet,4,400,1209.08,North
1183,2021-04-13,Tablet,2,400,546.5,West
1184,2021-04-13,Phone,2,600,885.93,South
1185,2021-04-13,Monitor,1,300,190.91,South
1186,2021-04-13,Tablet,2,400,608.55,North
1187,2021-04-14,Tablet,4,400,1107.03,East
1188,2021-04-14,Mouse,3,30,65.88,South
1189,2021-04-14,Monitor,1,300,213.09,East
1190,2021-04-15,Tablet,5,400,1448.04,South
1191,2021-04-15,Charger,4,25,64.46,North
1192,2021-04-16,Monitor,4,300,798.52,North
1193,2021-04-16,Tablet,3,400,849.94,South
1194,2021-04-16,Headphones,1,100,71.3,South
1195,2021-04-17,Headphones,4,100,317.61,East
1196,2021-04-17,Headphones,3,100,214.68,South
1197,2021-04-18,Keyboard,5,50,180.21,North
1198,2021-04-18,Monitor,2,300,452.78,South
1199,2021-04-18,Mouse,5,30,114.07,South
1200,2021-04-18,Headphones,3,100,213.73,West
1201,2021-04-18,Mouse,3,30,69.4,North
1202,2021-04-18,Tablet,2,400,633.49,West
1203,2021-04-18,Keyboard,2,50,80.31,South
1204,2021-04-19,Monitor,1,300,231.63,South
1205,2021-04-19,Laptop,5,800,3081.68,East
1206,2021-04-20,Phone,4,600,1553.02,North
1207,2021-04-20,Phone,1,600,433.21,West
1208,2021-04-20,Laptop,5,800,3122.82,East
1209,2021-04-22,Laptop,2,800,1112.85,North
1210,2021-04-22,Tablet,2,400,521.65,North
1211,2021-04-22,Tablet,3,400,848.45,North
1212,2021-04-22,Phone,2,600,864.7,East
1213,2021-04-23,Laptop,2,800,1138.75,South
1214,2021-04-23,Mouse,3,30,60.94,West
1215,2021-04-23,Charger,3,25,48.55,North
1216,2021-04-23,Laptop,1,800,595.18,North
1217,2021-04-24,Headphones,4,100,319.23,North
1218,2021-04-24,Mouse,1,30,22.94,East
1219,2021-04-25,Charger,3,25,49.02,South
1220,2021-04-26,Laptop,2,800,1108.26,West
1221,2021-04-26,Monitor,4,300,848.6,West
1222,2021-04-26,Phone,1,600,422.52,South
1223,2021-04-27,Headphones,1,100,67.46,West
1224,2021-04-27,Phone,2,600,910.31,North
1225,2021-04-27,Headphones,1,100,65.41,West
1226,2021-04-28,Keyboard,2,50,77.79,South
1227,2021-04-29,Headphones,5,100,350.09,East
1228,2021-04-29,Mouse,2,30,39.51,North
1229,2021-04-30,Tablet,5,400,1470.07,North
1230,2021-04-30,Charger,4,25,69.22,North
1231,2021-04-30,Charger,4,25,75.89,East
1232,2021-04-30,Monitor,5,300,1075.99,North
1233,2021-04-30,Mouse,1,30,19.79,East
1234,2021-05-01,Laptop,4,800,2529.73,West
1235,2021-05-02,Headphones,4,100,305.78,West
1236,2021-05-02,Phone,5,600,2325.46,East
1237,2021-05-02,Laptop,5,800,2720.51,North
1238,2021-05-02,Laptop,2,800,1176.57,North
1239,2021-05-03,Tablet,1,400,263.81,North
1240,2021-05-04,Tablet,5,400,1319.99,North
1241,2021-05-05,Mouse,2,30,39.78,South
1242,2021-05-05,Mouse,2,30,46.28,South
1243,2021-05-06,Charger,4,25,69.26,East
1244,2021-05-06,Headphones,4,100,297.03,East
1245,2021-05-06,Mouse,3,30,62.34,West
1246,2021-05-07,Monitor,1,300,214.63,West
1247,2021-05-07,Laptop,5,800,2745.17,East
1248,2021-05-07,Headphones,5,100,329.98,North
1249,2021-05-07,Charger,2,25,35.81,North
1250,2021-05-08,Laptop,3,800,1559.21,West
1251,2021-05-08,Laptop,4,800,2453.98,East
1252,2021-05-09,Charger,5,25,90.33,North
1253,2021-05-09,Monitor,1,300,215.24,South
1254,2021-05-10,Laptop,5,800,2800.3,South
1255,2021-05-10,Laptop,5,800,2962.71,East
1256,2021-05-10,Headphones,2,100,148.0,West
1257,2021-05-11,Keyboard,5,50,161.93,West
1258,2021-05-11,Tablet,1,400,274.71,West
1259,2021-05-11,Mouse,2,30,44.26,South
1260,2021-05-12,Phone,4,600,1712.93,South
1261,2021-05-13,Tablet,3,400,923.07,North
1262,2021-05-14,Laptop,2,800,1153.04,South
1263,2021-05-14,Charger,1,25,17.19,South
1264,2021-05-14,Keyboard,2,50,71.73,South
1265,2021-05-15,Phone,2,600,830.78,South
1266,2021-05-15,Charger,2,25,36.26,North
1267,2021-05-16,Mouse,1,30,20.87,South
1268,2021-05-16,Charger,5,25,89.97,North
1269,2021-05-16,Laptop,2,800,1135.57,West
1270,2021-05-16,Tablet,1,400,273.99,West
1271,2021-05-17,Phone,3,600,1362.94,East
1272,2021-05-17,Phone,4,600,1550.24,East
1273,2021-05-18,Mouse,5,30,105.43,North
1274,2021-05-18,Monitor,4,300,944.69,East
1275,2021-05-18,Monitor,2,300,476.58,South
1276,2021-05-18,Tablet,5,400,1600.18,East
1277,2021-05-18,Charger,5,25,92.17,North
1278,2021-05-19,Tablet,2,400,583.65,East
1279,2021-05-19,Monitor,3,300,585.14,West
1280,2021-05-19,Tablet,2,400,553.31,West
1281,2021-05-19,Keyboard,5,50,181.83,North
1282,2021-05-20,Headphones,1,100,73.15,West
1283,2021-05-20,Mouse,4,30,76.54,West
1284,2021-05-21,Headphones,2,100,152.9,East
1285,2021-05-22,Monitor,2,300,443.03,West
1286,2021-05-22,Tablet,2,400,507.91,North
1287,2021-05-23,Laptop,1,800,626.59,North
1288,2021-05-23,Tablet,2,400,607.67,West
1289,2021-05-23,Charger,5,25,90.01,East
1290,2021-05-23,Tablet,4,400,1160.96,East
1291,2021-05-24,Phone,3,600,1428.58,North
1292,2021-05-24,Laptop,2,800,1044.48,East
1293,2021-05-24,Phone,1,600,469.76,South
1294,2021-05-24,Monitor,2,300,454.72,North
1295,2021-05-25,Tablet,2,400,631.53,South
1296,2021-05-25,Monitor,1,300,202.27,East
1297,2021-05-25,Phone,1,600,449.32,South
1298,2021-05-26,Phone,2,600,923.97,East
1299,2021-05-26,Tablet,3,400,827.73,South
1300,2021-05-26,Tablet,5,400,1546.72,West
1301,2021-05-26,Laptop,5,800,2545.67,East
1302,2021-05-27,Phone,4,600,1742.56,West
1303,2021-05-27,Keyboard,4,50,129.57,East
1304,2021-05-28,Charger,4,25,69.96,East
1305,2021-05-28,Laptop,4,800,2219.28,East
1306,2021-05-28,Tablet,4,400,1119.4,West
1307,2021-05-29,Headphones,4,100,266.88,South
1308,2021-05-29,Tablet,4,400,1054.68,North
1309,2021-05-29,Phone,3,600,1213.73,East
1310,2021-05-30,Mouse,2,30,40.19,North
1311,2021-05-30,Tablet,4,400,1030.02,North
1312,2021-05-31,Headphones,5,100,333.65,North
1313,2021-05-31,Charger,1,25,17.44,South
1314,2021-05-31,Phone,1,600,419.32,East
1315,2021-05-31,Mouse,4,30,86.2,South
1316,2021-06-01,Phone,4,600,1735.81,East
1317,2021-06-03,Headphones,4,100,273.73,West
1318,2021-06-03,Monitor,3,300,657.66,North
1319,2021-06-03,Tablet,2,400,639.23,South
1320,2021-06-03,Tablet,3,400,898.61,West
1321,2021-06-03,Mouse,1,30,22.98,North
1322,2021-06-03,Tablet,5,400,1541.73,West
1323,2021-06-04,Mouse,5,30,102.92,East
1324,2021-06-04,Monitor,3,300,599.89,West
1325,2021-06-05,Laptop,1,800,637.46,East
1326,2021-06-05,Keyboard,4,50,160.83,South
1327,2021-06-05,Mouse,5,30,98.46,North
1328,2021-06-05,Phone,3,600,1319.77,South
1329,2021-06-05,Monitor,1,300,228.67,South
1330,2021-06-05,Mouse,3,30,64.2,North
1331,2021-06-06,Charger,5,25,80.09,East
1332,2021-06-06,Charger,1,25,19.93,South
1333,2021-06-07,Monitor,4,300,941.62,West
1334,2021-06-08,Headphones,2,100,135.27,North
1335,2021-06-08,Phone,5,600,2078.56,North
1336,2021-06-08,Laptop,5,800,3218.92,West
1337,2021-06-08,Mouse,5,30,98.44,North
1338,2021-06-08,Laptop,4,800,2295.92,South
1339,2021-06-09,Headphones,1,100,75.23,East
1340,2021-06-09,Laptop,5,800,2835.66,South
1341,2021-06-09,Phone,5,600,2363.34,East
1342,2021-06-09,Mouse,3,30,69.74,West
1343,2021-06-11,Headphones,1,100,63.56,North
1344,2021-06-11,Tablet,4,400,1277.92,South
1345,2021-06-11,Charger,4,25,76.56,South
1346,2021-06-11,Headphones,4,100,321.31,West
1347,2021-06-11,Mouse,5,30,120.74,West
1348,2021-06-12,Headphones,2,100,151.85,South
1349,2021-06-13,Phone,2,600,761.21,North
1350,2021-06-13,Phone,4,600,1719.03,North
1351,2021-06-14,Mouse,1,30,19.8,South
1352,2021-06-14,Monitor,1,300,191.54,West
1353,2021-06-14,Monitor,3,300,662.6,South
1354,2021-06-15,Phone,4,600,1634.82,West
1355,2021-06-15,Headphones,3,100,236.61,West
1356,2021-06-16,Charger,5,25,79.7,West
1357,2021-06-16,Mouse,1,30,23.15,South
1358,2021-06-16,Phone,1,600,454.16,East
1359,2021-06-16,Tablet,4,400,1061.56,East
1360,2021-06-17,Keyboard,2,50,64.28,South
1361,2021-06-17,Mouse,2,30,45.99,West
1362,2021-06-17,Laptop,4,800,2091.51,East
1363,2021-06-18,Tablet,2,400,545.33,North
1364,2021-06-18,Headphones,5,100,380.5,West
1365,2021-06-18,Keyboard,2,50,65.17,North
1366,2021-06-18,Charger,1,25,17.41,East
1367,2021-06-19,Laptop,1,800,507.31,West
1368,2021-06-19,Charger,1,25,16.53,North
1369,2021-06-20,Charger,1,25,16.28,East
1370,2021-06-20,Monitor,5,300,1156.23,East
1371,2021-06-21,Charger,5,25,96.59,West
1372,2021-06-21,Mouse,1,30,22.16,East
1373,2021-06-21,Charger,3,25,50.98,West
1374,2021-06-22,Keyboard,4,50,143.14,North
1375,2021-06-22,Laptop,2,800,1201.76,East
1376,2021-06-23,Laptop,2,800,1236.43,North
1377,2021-06-23,Monitor,2,300,466.39,East
1378,2021-06-23,Laptop,1,800,553.57,East
1379,2021-06-23,Phone,1,600,456.02,North
1380,2021-06-24,Tablet,2,400,599.2,East
1381,2021-06-24,Mouse,1,30,20.63,North
1382,2021-06-24,Mouse,2,30,40.2,West
1383,2021-06-25,Mouse,4,30,82.49,South
1384,2021-06-25,Mouse,4,30,93.78,North
1385,2021-06-25,Tablet,2,400,535.33,West
1386,2021-06-25,Keyboard,1,50,36.74,East
1387,2021-06-26,Keyboard,1,50,36.71,North
1388,2021-06-26,Laptop,2,800,1283.75,North
1389,2021-06-28,Phone,1,600,401.28,East
1390,2021-06-28,Laptop,4,800,2257.84,West
1391,2021-06-28,Phone,5,600,2198.71,West
1392,2021-06-29,Mouse,4,30,85.6,East
1393,2021-06-29,Monitor,1,300,224.36,North
1394,2021-06-30,Tablet,3,400,864.74,West
1395,2021-06-30,Monitor,3,300,615.22,North
1396,2021-07-01,Phone,1,600,390.67,North
1397,2021-07-01,Mouse,2,30,39.94,North
1398,2021-07-01,Headphones,4,100,282.75,South
1399,2021-07-02,Laptop,2,800,1207.66,East
1400,2021-07-02,Mouse,2,30,38.56,South
1401,2021-07-03,Laptop,3,800,1668.71,East
1402,2021-07-04,Monitor,3,300,657.39,West
1403,2021-07-05,Mouse,5,30,114.71,North
1404,2021-07-05,Tablet,5,400,1302.43,East
1405,2021-07-05,Headphones,2,100,151.89,South
1406,2021-07-06,Phone,2,600,830.54,East
1407,2021-07-07,Phone,5,600,2030.33,West
1408,2021-07-07,Mouse,3,30,59.75,East
1409,2021-07-07,Laptop,3,800,1856.38,South
1410,2021-07-07,Mouse,2,30,43.19,West
1411,2021-07-07,Mouse,4,30,81.42,West
1412,2021-07-07,Keyboard,2,50,73.83,East
1413,2021-07-08,Headphones,5,100,332.9,North
1414,2021-07-08,Keyboard,4,50,148.09,South
1415,2021-07-09,Mouse,5,30,112.78,South
1416,2021-07-09,Headphones,5,100,341.82,East
1417,2021-07-09,Phone,2,600,814.49,North
1418,2021-07-09,Charger,3,25,60.47,West
1419,2021-07-10,Mouse,4,30,93.23,South
1420,2021-07-10,Keyboard,5,50,186.8,South
1421,2021-07-10,Headphones,3,100,222.58,East
1422,2021-07-10,Phone,3,600,1448.73,East
1423,2021-07-10,Mouse,1,30,20.3,South
1424,2021-07-11,Mouse,2,30,44.0,East
1425,2021-07-11,Charger,3,25,54.66,South
1426,2021-07-12,Charger,2,25,32.32,South
1427,2021-07-12,Mouse,5,30,110.75,West
1428,2021-07-12,Tablet,2,400,595.64,South
1429,2021-07-13,Monitor,2,300,428.96,North
1430,2021-07-13,Laptop,2,800,1270.56,East
1431,2021-07-13,Headphones,4,100,298.64,West
1432,2021-07-13,Keyboard,5,50,179.29,North
1433,2021-07-14,Laptop,1,800,566.07,West
1434,2021-07-14,Charger,5,25,100.29,South
1435,2021-07-15,Charger,4,25,69.95,West
1436,2021-07-16,Laptop,1,800,518.79,East
1437,2021-07-17,Charger,3,25,47.68,West
1438,2021-07-18,Monitor,4,300,858.58,South
1439,2021-07-18,Mouse,3,30,59.15,South
1440,2021-07-19,Laptop,3,800,1704.77,East
1441,2021-07-19,Tablet,1,400,308.23,North
1442,2021-07-19,Monitor,2,300,427.73,East
1443,2021-07-19,Phone,2,600,831.9,West
1444,2021-07-20,Monitor,2,300,414.86,East
1445,2021-07-20,Keyboard,2,50,75.45,West
1446,2021-07-20,Mouse,4,30,77.52,West
1447,2021-07-21,Laptop,2,800,1140.17,West
1448,2021-07-21,Charger,5,25,80.95,North
1449,2021-07-21,Charger,3,25,51.42,East
1450,2021-07-21,Phone,1,600,405.01,East
1451,2021-07-21,Charger,5,25,99.49,West
1452,2021-07-22,Charger,2,25,33.09,North
1453,2021-07-22,Laptop,1,800,508.72,East
1454,2021-07-22,Keyboard,1,50,38.86,East
1455,2021-07-24,Charger,3,25,49.83,East
1456,2021-07-25,Phone,2,600,890.6,East
1457,2021-07-25,Keyboard,1,50,37.01,North
1458,2021-07-25,Phone,5,600,2123.14,East
1459,2021-07-26,Tablet,5,400,1268.81,North
1460,2021-07-27,Tablet,1,400,295.46,North
1461,2021-07-27,Monitor,5,300,1146.82,North
1462,2021-07-27,Monitor,4,300,955.3,North
1463,2021-07-27,Monitor,5,300,1002.32,North
1464,2021-07-28,Phone,2,600,772.54,West
1465,2021-07-28,Keyboard,3,50,112.45,East
1466,2021-07-29,Mouse,4,30,77.68,North
1467,2021-07-30,Monitor,3,300,639.14,North
1468,2021-07-30,Headphones,1,100,72.44,East
1469,2021-07-30,Charger,1,25,16.31,West
1470,2021-07-30,Keyboard,2,50,79.57,North
1471,2021-07-30,Monitor,3,300,713.46,North
1472,2021-07-30,Tablet,5,400,1385.67,West
1473,2021-07-30,Headphones,3,100,229.87,South
1474,2021-07-31,Phone,4,600,1619.32,North
1475,2021-07-31,Mouse,3,30,68.18,North
1476,2021-07-31,Monitor,4,300,931.63,West
1477,2021-07-31,Laptop,2,800,1219.01,West
1478,2021-08-01,Charger,2,25,36.48,West
1479,2021-08-02,Laptop,5,800,3178.41,West
1480,2021-08-02,Charger,2,25,34.17,West
1481,2021-08-02,Tablet,4,400,1267.02,East
1482,2021-08-03,Mouse,2,30,45.9,North
1483,2021-08-03,Keyboard,2,50,70.42,South
1484,2021-08-03,Keyboard,1,50,36.5,West
1485,2021-08-04,Laptop,4,800,2101.88,South
1486,2021-08-04,Mouse,4,30,91.33,West
1487,2021-08-04,Keyboard,4,50,151.76,West
1488,2021-08-05,Monitor,4,300,838.93,East
1489,2021-08-05,Headphones,2,100,155.4,South
1490,2021-08-05,Tablet,3,400,920.25,North
1491,2021-08-05,Phone,1,600,392.23,North
1492,2021-08-06,Keyboard,4,50,131.54,South
1493,2021-08-07,Phone,2,600,952.33,North
1494,2021-08-08,Keyboard,2,50,67.64,East
1495,2021-08-08,Charger,5,25,92.58,North
1496,2021-08-08,Headphones,4,100,321.65,West
1497,2021-08-10,Keyboard,5,50,171.94,West
1498,2021-08-10,Laptop,4,800,2179.05,West
1499,2021-08-11,Headphones,1,100,66.13,East
1500,2021-08-12,Phone,3,600,1380.38,South
1501,2021-08-12,Mouse,2,30,40.26,East
1502,2021-08-13,Mouse,2,30,43.28,West
1503,2021-08-13,Headphones,4,100,319.98,East
1504,2021-08-14,Monitor,3,300,627.73,South
1505,2021-08-14,Tablet,4,400,1084.07,West
1506,2021-08-14,Mouse,1,30,23.8,South
1507,2021-08-15,Monitor,5,300,1085.99,South
1508,2021-08-15,Tablet,3,400,781.74,East
1509,2021-08-16,Headphones,4,100,308.99,South
1510,2021-08-16,Headphones,5,100,366.89,South
1511,2021-08-16,Charger,3,25,57.21,West
1512,2021-08-17,Phone,2,600,944.37,North
1513,2021-08-18,Phone,5,600,2406.48,West
1514,2021-08-18,Keyboard,5,50,164.09,West
1515,2021-08-19,Charger,2,25,36.62,West
1516,2021-08-19,Charger,1,25,16.61,West
1517,2021-08-19,Headphones,4,100,255.01,West
1518,2021-08-19,Monitor,2,300,406.37,North
1519,2021-08-20,Mouse,5,30,104.58,West
1520,2021-08-20,Laptop,4,800,2484.82,East
1521,2021-08-20,Keyboard,4,50,159.89,West
1522,2021-08-21,Monitor,4,300,766.6,West
1523,2021-08-21,Charger,5,25,88.36,South
1524,2021-08-21,Laptop,5,800,3160.67,North
1525,2021-08-21,Keyboard,1,50,38.38,West
1526,2021-08-21,Monitor,5,300,1035.47,East
1527,2021-08-21,Tablet,1,400,263.57,West
1528,2021-08-22,Headphones,4,100,255.69,South
1529,2021-08-22,Mouse,3,30,67.67,East
1530,2021-08-22,Phone,1,600,478.11,North
1531,2021-08-23,Laptop,2,800,1173.33,West
1532,2021-08-23,Tablet,4,400,1261.63,West
1533,2021-08-23,Headphones,1,100,64.75,South
1534,2021-08-23,Monitor,4,300,783.65,North
1535,2021-08-23,Phone,4,600,1898.38,North
1536,2021-08-24,Monitor,4,300,878.11,East
1537,2021-08-24,Charger,1,25,15.98,North
1538,2021-08-25,Mouse,4,30,95.27,West
1539,2021-08-25,Laptop,3,800,1908.92,East
1540,2021-08-26,Mouse,1,30,20.72,West
1541,2021-08-26,Keyboard,5,50,195.05,East
1542,2021-08-26,Charger,4,25,68.12,East
1543,2021-08-27,Keyboard,1,50,32.26,East
1544,2021-08-27,Tablet,5,400,1481.86,East
1545,2021-08-28,Charger,4,25,70.43,North
1546,2021-08-28,Monitor,5,300,1192.72,North
1547,2021-08-28,Headphones,4,100,258.91,West
1548,2021-08-28,Headphones,1,100,65.14,West
1549,2021-08-29,Keyboard,4,50,139.66,South
1550,2021-08-29,Tablet,5,400,1289.62,East
1551,2021-08-30,Mouse,3,30,70.11,South
1552,2021-08-31,Headphones,2,100,159.38,West
1553,2021-08-31,Monitor,3,300,721.03,West
1554,2021-08-31,Headphones,4,100,300.54,South
1555,2021-09-01,Tablet,2,400,532.9,South
1556,2021-09-01,Charger,1,25,17.26,South
1557,2021-09-01,Monitor,5,300,1143.59,East
1558,2021-09-01,Laptop,5,800,3154.31,South
1559,2021-09-02,Laptop,4,800,2250.87,North
1560,2021-09-03,Laptop,3,800,1637.68,North
1561,2021-09-03,Headphones,4,100,309.29,East
1562,2021-09-04,Headphones,3,100,200.38,West
1563,2021-09-04,Phone,5,600,2003.5,South
1564,2021-09-04,Tablet,1,400,319.17,West
1565,2021-09-05,Charger,1,25,17.6,East
1566,2021-09-05,Phone,4,600,1644.38,North
1567,2021-09-05,Headphones,5,100,397.49,East
1568,2021-09-06,Keyboard,1,50,38.52,West
1569,2021-09-06,Headphones,5,100,362.73,West
1570,2021-09-06,Phone,4,600,1528.78,North
1571,2021-09-06,Tablet,2,400,520.53,East
1572,2021-09-06,Charger,4,25,76.44,West
1573,2021-09-07,Headphones,2,100,137.67,South
1574,2021-09-07,Phone,2,600,864.54,South
1575,2021-09-07,Laptop,4,800,2192.91,South
1576,2021-09-07,Keyboard,4,50,143.52,East
1577,2021-09-07,Phone,1,600,380.82,East
1578,2021-09-08,Monitor,3,300,669.94,North
1579,2021-09-08,Laptop,1,800,572.02,South
1580,2021-09-08,Tablet,1,400,261.9,South
1581,2021-09-09,Keyboard,4,50,131.37,South
1582,2021-09-09,Charger,1,25,17.31,East
1583,2021-09-10,Monitor,5,300,1175.58,West
1584,2021-09-10,Headphones,4,100,322.03,South
1585,2021-09-10,Headphones,3,100,202.25,North
1586,2021-09-10,Tablet,3,400,767.95,South
1587,2021-09-11,Charger,5,25,100.17,West
1588,2021-09-11,Headphones,3,100,226.61,South
1589,2021-09-11,Headphones,2,100,129.59,North
1590,2021-09-11,Charger,5,25,92.07,North
1591,2021-09-11,Charger,1,25,16.23,West
1592,2021-09-12,Headphones,1,100,67.47,West
1593,2021-09-12,Charger,1,25,19.47,South
1594,2021-09-12,Laptop,4,800,2328.05,North
1595,2021-09-12,Phone,5,600,2255.97,North
1596,2021-09-12,Headphones,2,100,156.96,South
1597,2021-09-13,Headphones,1,100,78.69,South
1598,2021-09-13,Charger,5,25,89.23,West
1599,2021-09-13,Laptop,5,800,3191.25,South
1600,2021-09-14,Phone,4,600,1753.17,South
1601,2021-09-14,Keyboard,5,50,186.85,West
1602,2021-09-14,Headphones,5,100,364.03,West
1603,2021-09-14,Laptop,2,800,1066.35,North
1604,2021-09-14,Mouse,5,30,116.54,North
1605,2021-09-15,Monitor,3,300,613.14,North
1606,2021-09-15,Phone,1,600,463.81,South
1607,2021-09-15,Mouse,5,30,107.19,South
1608,2021-09-15,Phone,2,600,792.09,West
1609,2021-09-16,Phone,4,600,1836.52,South
1610,2021-09-17,Tablet,1,400,282.9,South
1611,2021-09-17,Phone,1,600,438.08,North
1612,2021-09-17,Headphones,1,100,66.25,East
1613,2021-09-18,Keyboard,5,50,196.67,South
1614,2021-09-18,Tablet,5,400,1400.27,North
1615,2021-09-19,Mouse,3,30,63.21,South
1616,2021-09-19,Mouse,2,30,43.24,North
1617,2021-09-19,Charger,3,25,49.43,North
1618,2021-09-20,Headphones,2,100,143.64,West
1619,2021-09-20,Laptop,1,800,619.63,North
1620,2021-09-20,Headphones,5,100,318.32,West
1621,2021-09-20,Mouse,4,30,80.06,East
1622,2021-09-21,Keyboard,2,50,76.6,East
1623,2021-09-22,Charger,3,25,59.75,North
1624,2021-09-22,Laptop,1,800,533.12,North
1625,2021-09-23,Laptop,1,800,530.63,West
1626,2021-09-23,Mouse,5,30,109.01,East
1627,2021-09-23,Laptop,5,800,2807.85,South
1628,2021-09-23,Monitor,5,300,1120.87,East
1629,2021-09-24,Phone,2,600,782.14,North
1630,2021-09-24,Tablet,3,400,900.85,South
1631,2021-09-25,Keyboard,4,50,136.93,South
1632,2021-09-25,Mouse,3,30,66.45,West
1633,2021-09-25,Charger,1,25,16.36,North
1634,2021-09-25,Charger,2,25,34.83,East
1635,2021-09-26,Mouse,5,30,103.07,North
1636,2021-09-26,Keyboard,3,50,99.58,South
1637,2021-09-26,Monitor,4,300,911.04,East
1638,2021-09-27,Monitor,4,300,908.72,West
1639,2021-09-27,Charger,5,25,94.35,North
1640,2021-09-27,Headphones,3,100,220.6,South
1641,2021-09-27,Headphones,3,100,214.18,South
1642,2021-09-27,Headphones,4,100,306.89,East
1643,2021-09-27,Tablet,5,400,1329.6,East
1644,2021-09-27,Phone,4,600,1719.01,East
1645,2021-09-28,Mouse,3,30,67.92,East
1646,2021-09-29,Phone,2,600,853.5,East
1647,2021-09-29,Laptop,4,800,2292.54,North
1648,2021-09-29,Tablet,1,400,296.22,East
1649,2021-09-30,Headphones,4,100,281.14,West
1650,2021-09-30,Keyboard,2,50,69.92,North
1651,2021-09-30,Keyboard,1,50,37.59,East
1652,2021-10-01,Keyboard,4,50,160.12,North
1653,2021-10-01,Headphones,3,100,194.25,West
1654,2021-10-01,Monitor,2,300,469.08,East
1655,2021-10-01,Laptop,3,800,1810.79,North
1656,2021-10-02,Charger,2,25,32.29,South
1657,2021-10-02,Phone,3,600,1197.18,South
1658,2021-10-02,Mouse,5,30,99.48,East
1659,2021-10-04,Monitor,2,300,463.59,North
1660,2021-10-04,Phone,2,600,922.48,West
1661,2021-10-04,Keyboard,5,50,159.16,West
1662,2021-10-05,Headphones,3,100,218.56,South
1663,2021-10-05,Mouse,4,30,79.97,West
1664,2021-10-05,Mouse,1,30,23.4,East
1665,2021-10-07,Headphones,4,100,286.26,West
1666,2021-10-07,Monitor,2,300,414.76,East
1667,2021-10-08,Keyboard,3,50,101.19,South
1668,2021-10-08,Headphones,1,100,63.82,North
1669,2021-10-08,Headphones,2,100,151.38,East
1670,2021-10-08,Phone,4,600,1660.57,East
1671,2021-10-08,Phone,1,600,449.92,West
1672,2021-10-08,Laptop,3,800,1777.67,South
1673,2021-10-09,Charger,3,25,50.9,East
1674,2021-10-09,Phone,4,600,1538.85,North
1675,2021-10-09,Headphones,1,100,68.42,North
1676,2021-10-10,Tablet,2,400,591.63,North
1677,2021-10-11,Phone,2,600,851.28,West
1678,2021-10-11,Monitor,2,300,429.57,East
1679,2021-10-11,Mouse,4,30,82.06,South
1680,2021-10-12,Headphones,2,100,137.25,South
1681,2021-10-12,Phone,4,600,1852.63,East
1682,2021-10-13,Monitor,5,300,1196.28,East
1683,2021-10-14,Monitor,2,300,381.33,West
1684,2021-10-15,Phone,3,600,1405.32,East
1685,2021-10-15,Mouse,2,30,43.27,North
1686,2021-10-15,Charger,5,25,100.74,South
1687,2021-10-15,Laptop,1,800,595.89,West
1688,2021-10-16,Monitor,5,300,1005.85,South
1689,2021-10-16,Laptop,3,800,1546.11,West
1690,2021-10-17,Phone,2,600,793.94,West
1691,2021-10-17,Laptop,3,800,1750.88,West
1692,2021-10-18,Headphones,2,100,129.93,North
1693,2021-10-18,Headphones,2,100,133.14,North
1694,2021-10-18,Charger,3,25,54.58,North
1695,2021-10-18,Mouse,5,30,119.28,East
1696,2021-10-19,Phone,2,600,943.0,West
1697,2021-10-19,Tablet,2,400,584.08,South
1698,2021-10-19,Tablet,4,400,1141.0,West
1699,2021-10-20,Phone,5,600,1913.46,North
1700,2021-10-20,Headphones,3,100,230.37,East
1701,2021-10-20,Charger,2,25,31.86,North
1702,2021-10-20,Monitor,4,300,827.18,North
1703,2021-10-21,Monitor,3,300,598.67,South
1704,2021-10-21,Tablet,3,400,786.74,East
1705,2021-10-21,Headphones,2,100,148.75,South
1706,2021-10-21,Mouse,1,30,22.41,South
1707,2021-10-23,Laptop,3,800,1852.22,South
1708,2021-10-23,Keyboard,3,50,111.6,East
1709,2021-10-23,Monitor,1,300,206.19,North
1710,2021-10-24,Mouse,2,30,47.6,South
1711,2021-10-24,Mouse,5,30,120.0,West
1712,2021-10-24,Phone,3,600,1250.03,West
1713,2021-10-24,Phone,3,600,1430.21,North
1714,2021-10-25,Keyboard,1,50,32.94,South
1715,2021-10-25,Headphones,2,100,152.75,North
1716,2021-10-25,Monitor,4,300,959.75,East
1717,2021-10-25,Tablet,1,400,275.93,North
1718,2021-10-26,Laptop,5,800,2564.45,North
1719,2021-10-26,Monitor,5,300,1151.41,West
1720,2021-10-27,Headphones,5,100,328.49,South
1721,2021-10-28,Keyboard,4,50,152.89,West
1722,2021-10-29,Phone,2,600,915.01,East
1723,2021-10-30,Monitor,4,300,778.66,East
1724,2021-10-30,Charger,2,25,39.57,South
1725,2021-10-30,Mouse,4,30,93.39,South
1726,2021-10-31,Headphones,4,100,320.47,West
1727,2021-10-31,Monitor,5,300,1168.62,North
1728,2021-10-31,Mouse,5,30,107.04,East
1729,2021-10-31,Charger,2,25,33.92,North
1730,2021-11-01,Charger,5,25,108.12,North
1731,2021-11-01,Charger,1,25,23.49,South
1732,2021-11-03,Mouse,3,30,84.1,West
1733,2021-11-03,Mouse,3,30,79.27,East
1734,2021-11-03,Charger,5,25,95.31,South
1735,2021-11-03,Phone,2,600,1047.68,East
1736,2021-11-03,Monitor,4,300,1155.49,West
1737,2021-11-04,Keyboard,3,50,135.42,North
1738,2021-11-04,Charger,2,25,48.33,South
1739,2021-11-04,Monitor,3,300,756.47,North
1740,2021-11-05,Monitor,5,300,1369.96,North
1741,2021-11-06,Tablet,2,400,739.23,West
1742,2021-11-06,Mouse,5,30,143.26,South
1743,2021-11-07,Phone,1,600,478.24,East
1744,2021-11-07,Laptop,5,800,3549.2,West
1745,2021-11-07,Tablet,4,400,1536.56,East
1746,2021-11-08,Keyboard,3,50,122.12,North
1747,2021-11-08,Keyboard,1,50,47.31,West
1748,2021-11-09,Headphones,5,100,461.25,East
1749,2021-11-09,Mouse,4,30,95.68,South
1750,2021-11-10,Charger,1,25,22.58,West
1751,2021-11-10,Headphones,1,100,94.77,West
1752,2021-11-10,Keyboard,2,50,84.64,North
1753,2021-11-10,Keyboard,3,50,130.13,West
1754,2021-11-11,Monitor,3,300,752.09,South
1755,2021-11-11,Monitor,5,300,1294.88,South
1756,2021-11-12,Keyboard,5,50,213.26,North
1757,2021-11-12,Tablet,5,400,1599.06,East
1758,2021-11-12,Headphones,4,100,338.47,South
1759,2021-11-13,Laptop,2,800,1364.48,North
1760,2021-11-13,Mouse,5,30,125.27,West
1761,2021-11-13,Headphones,4,100,326.7,North
1762,2021-11-13,Headphones,5,100,439.97,South
1763,2021-11-14,Tablet,3,400,1095.46,East
1764,2021-11-14,Laptop,1,800,617.69,East
1765,2021-11-14,Charger,2,25,43.7,South
1766,2021-11-15,Keyboard,2,50,90.44,North
1767,2021-11-15,Headphones,3,100,255.99,North
1768,2021-11-16,Charger,1,25,22.73,South
1769,2021-11-16,Monitor,2,300,572.44,South
1770,2021-11-16,Tablet,2,400,647.91,North
1771,2021-11-17,Monitor,3,300,728.37,West
1772,2021-11-17,Keyboard,3,50,141.38,East
1773,2021-11-17,Keyboard,2,50,78.75,North
1774,2021-11-17,Mouse,2,30,47.08,West
1775,2021-11-17,Tablet,2,400,654.11,North
1776,2021-11-17,Charger,5,25,97.87,North
1777,2021-11-17,Monitor,5,300,1402.5,North
1778,2021-11-18,Charger,4,25,96.23,West
1779,2021-11-18,Mouse,3,30,79.52,North
1780,2021-11-18,Phone,5,600,2462.54,West
1781,2021-11-18,Phone,5,600,2817.63,East
1782,2021-11-19,Keyboard,1,50,42.68,North
1783,2021-11-19,Charger,2,25,39.59,West
1784,2021-11-19,Charger,3,25,64.59,East
1785,2021-11-20,Phone,5,600,2886.03,East
1786,2021-11-20,Tablet,5,400,1683.88,East
1787,2021-11-20,Headphones,4,100,360.36,West
1788,2021-11-20,Charger,2,25,44.08,West
1789,2021-11-21,Monitor,3,300,847.29,East
1790,2021-11-22,Monitor,3,300,814.26,North
1791,2021-11-22,Monitor,3,300,867.11,West
1792,2021-11-22,Monitor,3,300,693.38,North
1793,2021-11-22,Keyboard,2,50,76.52,West
1794,2021-11-23,Charger,5,25,104.32,East
1795,2021-11-24,Headphones,1,100,83.52,North
1796,2021-11-24,Mouse,4,30,114.2,East
1797,2021-11-24,Keyboard,3,50,136.05,East
1798,2021-11-25,Monitor,3,300,825.28,East
1799,2021-11-25,Monitor,3,300,704.9,North
1800,2021-11-25,Headphones,5,100,403.48,North
1801,2021-11-26,Keyboard,1,50,48.01,South
1802,2021-11-26,Keyboard,4,50,166.83,West
1803,2021-11-27,Keyboard,2,50,81.35,West
1804,2021-11-27,Phone,4,600,1869.78,North
1805,2021-11-28,Charger,2,25,39.27,West
1806,2021-11-28,Mouse,2,30,57.2,South
1807,2021-11-28,Mouse,2,30,47.82,West
1808,2021-11-28,Tablet,3,400,1059.82,South
1809,2021-11-28,Laptop,3,800,2198.29,North
1810,2021-11-28,Charger,1,25,20.06,North
1811,2021-11-29,Headphones,5,100,418.42,West
1812,2021-11-29,Tablet,2,400,716.04,North
1813,2021-11-29,Mouse,4,30,110.53,West
1814,2021-12-01,Headphones,5,100,476.44,South
1815,2021-12-01,Laptop,5,800,3861.82,North
1816,2021-12-01,Monitor,3,300,816.87,West
1817,2021-12-02,Headphones,5,100,420.71,West
1818,2021-12-03,Phone,1,600,487.09,North
1819,2021-12-03,Headphones,4,100,317.55,North
1820,2021-12-03,Phone,4,600,2309.98,North
1821,2021-12-03,Charger,2,25,43.55,West
1822,2021-12-03,Phone,5,600,2780.61,North
1823,2021-12-04,Headphones,1,100,79.78,South
1824,2021-12-04,Phone,5,600,2699.11,South
1825,2021-12-04,Tablet,5,400,1549.66,West
1826,2021-12-04,Laptop,5,800,3410.31,West
1827,2021-12-05,Laptop,4,800,2552.17,East
1828,2021-12-05,Phone,3,600,1719.59,South
1829,2021-12-05,Monitor,2,300,573.29,West
1830,2021-12-05,Headphones,5,100,459.74,East
1831,2021-12-05,Laptop,2,800,1315.67,North
1832,2021-12-05,Mouse,2,30,45.66,North
1833,2021-12-05,Mouse,4,30,97.91,South
1834,2021-12-06,Tablet,1,400,323.79,East
1835,2021-12-06,Tablet,1,400,365.45,South
1836,2021-12-07,Keyboard,5,50,230.99,East
1837,2021-12-07,Tablet,3,400,1155.75,East
1838,2021-12-07,Mouse,2,30,57.1,East
1839,2021-12-07,Tablet,3,400,941.94,North
1840,2021-12-07,Tablet,4,400,1342.07,West
1841,2021-12-08,Monitor,3,300,758.48,East
1842,2021-12-10,Phone,4,600,2066.02,West
1843,2021-12-10,Keyboard,3,50,118.16,North
1844,2021-12-10,Monitor,1,300,245.06,North
1845,2021-12-10,Headphones,4,100,359.89,East
1846,2021-12-11,Mouse,1,30,22.87,North
1847,2021-12-11,Headphones,1,100,85.03,West
1848,2021-12-11,Phone,3,600,1596.66,South
1849,2021-12-11,Charger,3,25,69.4,North
1850,2021-12-12,Tablet,1,400,333.97,South
1851,2021-12-12,Tablet,5,400,1610.29,East
1852,2021-12-13,Charger,3,25,60.6,South
1853,2021-12-14,Headphones,1,100,96.19,North
1854,2021-12-14,Tablet,3,400,1019.3,East
1855,2021-12-14,Keyboard,1,50,48.3,South
1856,2021-12-14,Laptop,5,800,3138.22,South
1857,2021-12-15,Laptop,1,800,673.64,West
1858,2021-12-15,Charger,5,25,117.68,North
1859,2021-12-16,Monitor,3,300,759.05,West
1860,2021-12-16,Mouse,2,30,49.66,North
1861,2021-12-17,Tablet,3,400,951.2,South
1862,2021-12-17,Headphones,5,100,460.13,East
1863,2021-12-18,Monitor,2,300,544.94,North
1864,2021-12-18,Tablet,1,400,333.93,South
1865,2021-12-18,Laptop,2,800,1418.25,South
1866,2021-12-18,Mouse,5,30,124.57,East
1867,2021-12-19,Charger,4,25,91.2,North
1868,2021-12-19,Mouse,5,30,143.74,West
1869,2021-12-19,Mouse,3,30,84.6,North
1870,2021-12-19,Phone,5,600,2584.92,East
1871,2021-12-20,Headphones,3,100,261.12,North
1872,2021-12-20,Laptop,4,800,3068.56,South
1873,2021-12-21,Mouse,3,30,84.7,East
1874,2021-12-21,Charger,2,25,40.15,North
1875,2021-12-21,Mouse,4,30,112.86,North
1876,2021-12-21,Keyboard,3,50,122.05,North
1877,2021-12-22,Phone,3,600,1491.45,East
1878,2021-12-22,Mouse,1,30,27.75,West
1879,2021-12-22,Charger,5,25,120.38,North
1880,2021-12-23,Phone,2,600,975.42,East
1881,2021-12-23,Charger,2,25,44.36,South
1882,2021-12-23,Keyboard,2,50,90.57,West
1883,2021-12-24,Mouse,5,30,119.55,South
1884,2021-12-24,Mouse,5,30,119.81,West
1885,2021-12-24,Monitor,2,300,488.71,East
1886,2021-12-24,Tablet,4,400,1286.05,North
1887,2021-12-24,Headphones,3,100,259.59,South
1888,2021-12-25,Tablet,3,400,1003.23,North
1889,2021-12-25,Phone,1,600,505.19,North
1890,2021-12-26,Laptop,5,800,3663.08,North
1891,2021-12-26,Laptop,2,800,1221.28,South
1892,2021-12-27,Keyboard,3,50,131.9,South
1893,2021-12-27,Mouse,5,30,140.9,South
1894,2021-12-27,Monitor,1,300,281.62,North
1895,2021-12-27,Laptop,5,800,3722.05,East
1896,2021-12-27,Charger,5,25,118.14,South
1897,2021-12-28,Tablet,4,400,1277.26,North
1898,2021-12-28,Headphones,5,100,429.75,West
1899,2021-12-28,Phone,5,600,2832.69,East
1900,2021-12-28,Charger,5,25,120.29,North
1901,2022-01-01,Phone,3,600,1326.44,North
1902,2022-01-01,Headphones,2,100,168.09,East
1903,2022-01-01,Headphones,5,100,362.04,South
1904,2022-01-01,Laptop,3,800,1942.05,West
1905,2022-01-02,Headphones,4,100,293.93,South
1906,2022-01-03,Mouse,3,30,77.37,East
1907,2022-01-03,Charger,4,25,73.25,North
1908,2022-01-04,Charger,5,25,110.57,West
1909,2022-01-04,Headphones,4,100,288.91,South
1910,2022-01-04,Mouse,4,30,105.57,East
1911,2022-01-04,Headphones,5,100,419.16,South
1912,2022-01-04,Phone,3,600,1615.35,North
1913,2022-01-06,Laptop,2,800,1355.44,South
1914,2022-01-06,Charger,4,25,85.03,North
1915,2022-01-07,Charger,2,25,41.2,South
1916,2022-01-07,Tablet,1,400,355.2,South
1917,2022-01-07,Laptop,2,800,1415.78,West
1918,2022-01-07,Headphones,2,100,156.88,North
1919,2022-01-07,Tablet,3,400,923.47,South
1920,2022-01-07,Headphones,3,100,267.85,East
1921,2022-01-08,Tablet,3,400,1054.75,South
1922,2022-01-08,Monitor,2,300,538.82,West
1923,2022-01-08,Charger,1,25,18.79,East
1924,2022-01-08,Charger,5,25,105.08,East
1925,2022-01-09,Keyboard,3,50,124.19,West
1926,2022-01-09,Tablet,4,400,1383.65,North
1927,2022-01-10,Mouse,4,30,95.33,East
1928,2022-01-10,Charger,4,25,85.09,South
1929,2022-01-11,Laptop,4,800,2899.34,East
1930,2022-01-11,Mouse,4,30,106.34,East
1931,2022-01-11,Mouse,5,30,128.55,South
1932,2022-01-13,Monitor,4,300,882.31,North
1933,2022-01-13,Headphones,2,100,183.03,North
1934,2022-01-13,Charger,2,25,43.84,North
1935,2022-01-13,Tablet,3,400,1093.39,West
1936,2022-01-14,Tablet,2,400,715.46,West
1937,2022-01-15,Monitor,2,300,466.28,West
1938,2022-01-15,Keyboard,1,50,39.34,West
1939,2022-01-16,Headphones,5,100,365.72,East
1940,2022-01-16,Monitor,1,300,227.1,North
1941,2022-01-16,Keyboard,2,50,83.53,East
1942,2022-01-16,Charger,1,25,20.49,North
1943,2022-01-17,Headphones,4,100,356.9,East
1944,2022-01-17,Keyboard,5,50,228.01,North
1945,2022-01-17,Mouse,1,30,24.7,West
1946,2022-01-18,Headphones,2,100,179.48,South
1947,2022-01-18,Laptop,1,800,624.83,West
1948,2022-01-19,Headphones,5,100,433.49,West
1949,2022-01-19,Mouse,5,30,119.63,South
1950,2022-01-19,Charger,3,25,64.41,North
1951,2022-01-20,Keyboard,1,50,40.42,East
1952,2022-01-20,Tablet,4,400,1371.19,South
1953,2022-01-20,Headphones,4,100,296.55,West
1954,2022-01-20,Mouse,3,30,65.45,East
1955,2022-01-21,Mouse,5,30,116.09,South
1956,2022-01-21,Charger,3,25,63.67,North
1957,2022-01-21,Monitor,4,300,1063.82,West
1958,2022-01-21,Charger,2,25,41.88,East
1959,2022-01-22,Charger,5,25,92.85,North
1960,2022-01-22,Phone,2,600,967.6,South
1961,2022-01-23,Headphones,1,100,82.88,East
1962,2022-01-23,Monitor,5,300,1127.01,East
1963,2022-01-24,Keyboard,2,50,88.84,West
1964,2022-01-24,Laptop,1,800,626.81,North
1965,2022-01-24,Monitor,1,300,260.1,East
1966,2022-01-24,Phone,5,600,2200.69,West
1967,2022-01-25,Laptop,3,800,1767.28,East
1968,2022-01-25,Mouse,4,30,93.24,North
1969,2022-01-25,Phone,5,600,2181.31,West
1970,2022-01-25,Tablet,2,400,583.72,West
1971,2022-01-26,Tablet,4,400,1247.92,West
1972,2022-01-26,Tablet,4,400,1292.65,North
1973,2022-01-26,Monitor,3,300,673.83,East
1974,2022-01-27,Tablet,4,400,1282.81,East
1975,2022-01-28,Phone,3,600,1375.15,East
1976,2022-01-28,Charger,4,25,77.52,West
1977,2022-01-28,Keyboard,1,50,44.89,South
1978,2022-01-28,Charger,3,25,60.39,North
1979,2022-01-28,Mouse,2,30,53.55,South
1980,2022-01-29,Tablet,1,400,349.54,East
1981,2022-01-30,Laptop,1,800,586.2,South
1982,2022-01-30,Charger,1,25,22.3,North
1983,2022-01-31,Mouse,4,30,92.54,South
1984,2022-01-31,Mouse,5,30,130.55,West
1985,2022-02-01,Phone,2,600,919.67,West
1986,2022-02-01,Headphones,2,100,164.93,West
1987,2022-02-01,Mouse,5,30,131.93,East
1988,2022-02-01,Laptop,3,800,2104.76,North
1989,2022-02-02,Monitor,5,300,1167.37,South
1990,2022-02-02,Monitor,3,300,724.98,West
1991,2022-02-02,Laptop,2,800,1222.41,North
1992,2022-02-03,Laptop,1,800,580.66,East
1993,2022-02-04,Keyboard,4,50,159.14,North
1994,2022-02-04,Monitor,1,300,218.22,North
1995,2022-02-04,Keyboard,3,50,125.26,South
1996,2022-02-04,Headphones,4,100,321.62,North
1997,2022-02-05,Charger,4,25,80.04,West
1998,2022-02-06,Monitor,2,300,516.87,East
1999,2022-02-06,Laptop,4,800,2685.81,West
2000,2022-02-06,Mouse,4,30,109.21,North
2001,2022-02-07,Laptop,4,800,2913.2,North
2002,2022-02-07,Mouse,4,30,105.9,South
2003,2022-02-07,Phone,2,600,957.6,North
2004,2022-02-08,Phone,5,600,2504.49,West
2005,2022-02-08,Keyboard,3,50,129.15,East
2006,2022-02-08,Mouse,5,30,126.51,East
2007,2022-02-09,Keyboard,5,50,196.82,West
2008,2022-02-09,Headphones,3,100,271.88,East
2009,2022-02-09,Laptop,5,800,3371.72,South
2010,2022-02-09,Keyboard,1,50,41.04,East
2011,2022-02-10,Charger,3,25,62.39,West
2012,2022-02-10,Mouse,2,30,54.07,West
2013,2022-02-10,Monitor,2,300,442.06,South
2014,2022-02-11,Phone,2,600,887.58,South
2015,2022-02-11,Phone,5,600,2454.65,West
2016,2022-02-12,Mouse,2,30,48.06,South
2017,2022-02-12,Keyboard,1,50,37.08,West
2018,2022-02-12,Headphones,4,100,304.18,North
2019,2022-02-12,Mouse,2,30,52.13,West
2020,2022-02-12,Monitor,4,300,985.4,West
2021,2022-02-12,Headphones,3,100,256.99,North
2022,2022-02-13,Mouse,2,30,51.94,East
2023,2022-02-13,Tablet,5,400,1480.42,South
2024,2022-02-14,Keyboard,3,50,112.45,South
2025,2022-02-15,Headphones,1,100,90.23,North
2026,2022-02-15,Laptop,2,800,1348.28,North
2027,2022-02-16,Laptop,3,800,2171.84,West
2028,2022-02-16,Laptop,3,800,2162.7,North
2029,2022-02-16,Monitor,3,300,789.87,East
2030,2022-02-16,Tablet,5,400,1500.86,South
2031,2022-02-17,Tablet,1,400,323.07,East
2032,2022-02-17,Headphones,1,100,86.17,South
2033,2022-02-18,Keyboard,2,50,82.06,East
2034,2022-02-18,Laptop,2,800,1461.6,South
2035,2022-02-18,Charger,4,25,78.9,West
2036,2022-02-18,Headphones,4,100,313.34,North
2037,2022-02-19,Phone,1,600,491.93,South
2038,2022-02-20,Mouse,5,30,134.27,North
2039,2022-02-20,Charger,2,25,41.04,South
2040,2022-02-20,Keyboard,3,50,116.65,West
2041,2022-02-21,Phone,4,600,1823.07,South
2042,2022-02-21,Phone,3,600,1583.65,East
2043,2022-02-21,Charger,1,25,21.19,East
2044,2022-02-23,Mouse,4,30,103.11,East
2045,2022-02-23,Laptop,3,800,1996.93,North
2046,2022-02-23,Charger,4,25,83.19,West
2047,2022-02-23,Headphones,1,100,84.94,East
2048,2022-02-24,Charger,2,25,42.27,East
2049,2022-02-24,Phone,5,600,2289.66,East
2050,2022-02-24,Laptop,1,800,727.31,West
2051,2022-02-25,Mouse,3,30,73.02,West
2052,2022-02-25,Phone,2,600,916.27,South
2053,2022-02-26,Phone,2,600,873.0,West
2054,2022-02-26,Mouse,1,30,24.27,West
2055,2022-02-26,Laptop,2,800,1173.45,West
2056,2022-02-26,Laptop,2,800,1190.83,South
2057,2022-02-26,Tablet,1,400,353.11,North
2058,2022-02-26,Tablet,5,400,1557.09,South
2059,2022-02-26,Monitor,1,300,245.94,West
2060,2022-02-27,Monitor,1,300,240.68,East
2061,2022-02-27,Monitor,2,300,548.77,West
2062,2022-02-28,Charger,2,25,40.59,West
2063,2022-02-28,Keyboard,2,50,90.05,South
2064,2022-03-01,Charger,4,25,74.48,South
2065,2022-03-02,Tablet,3,400,1077.86,West
2066,2022-03-02,Headphones,2,100,158.52,East
2067,2022-03-02,Phone,3,600,1650.9,East
2068,2022-03-03,Laptop,4,800,2578.24,South
2069,2022-03-03,Keyboard,4,50,176.71,East
2070,2022-03-03,Laptop,3,800,1773.93,North
2071,2022-03-03,Keyboard,5,50,199.56,North
2072,2022-03-05,Monitor,1,300,267.71,East
2073,2022-03-05,Keyboard,3,50,125.02,East
2074,2022-03-05,Mouse,5,30,122.65,South
2075,2022-03-05,Mouse,1,30,22.51,North
2076,2022-03-06,Mouse,3,30,80.21,East
2077,2022-03-06,Headphones,2,100,160.08,North
2078,2022-03-07,Charger,4,25,85.88,West
2079,2022-03-07,Headphones,3,100,261.53,North
2080,2022-03-07,Monitor,3,300,787.88,South
2081,2022-03-07,Headphones,5,100,390.15,East
2082,2022-03-07,Phone,5,600,2256.76,East
2083,2022-03-08,Monitor,5,300,1085.55,East
2084,2022-03-08,Headphones,3,100,259.19,North
2085,2022-03-08,Tablet,5,400,1599.78,West
2086,2022-03-09,Laptop,4,800,2349.35,East
2087,2022-03-09,Monitor,3,300,700.95,North
2088,2022-03-09,Phone,1,600,482.5,South
2089,2022-03-09,Mouse,3,30,72.42,West
2090,2022-03-09,Laptop,2,800,1397.05,East
2091,2022-03-10,Phone,3,600,1608.27,West
2092,2022-03-10,Mouse,5,30,124.67,North
2093,2022-03-11,Headphones,4,100,325.86,East
2094,2022-03-12,Laptop,5,800,3182.55,South
2095,2022-03-12,Laptop,2,800,1180.83,West
2096,2022-03-13,Laptop,1,800,733.7,East
2097,2022-03-13,Monitor,3,300,788.47,North
2098,2022-03-13,Phone,4,600,2009.01,North
2099,2022-03-13,Headphones,4,100,348.44,South
2100,2022-03-13,Laptop,2,800,1306.0,North
2101,2022-03-14,Mouse,3,30,79.68,West
2102,2022-03-14,Headphones,1,100,90.11,North
2103,2022-03-14,Tablet,1,400,304.92,West
2104,2022-03-14,Mouse,2,30,49.42,West
2105,2022-03-14,Tablet,2,400,728.48,West
2106,2022-03-15,Charger,1,25,19.65,West
2107,2022-03-15,Mouse,4,30,87.69,East
2108,2022-03-15,Phone,1,600,531.6,East
2109,2022-03-15,Monitor,3,300,762.28,South
2110,2022-03-15,Tablet,2,400,681.07,South
2111,2022-03-16,Charger,1,25,19.63,West
2112,2022-03-16,Phone,2,600,941.54,North
2113,2022-03-16,Charger,3,25,61.98,West
2114,2022-03-16,Keyboard,3,50,118.09,West
2115,2022-03-17,Laptop,5,800,3113.45,South
2116,2022-03-17,Charger,4,25,74.0,West
2117,2022-03-17,Tablet,5,400,1447.95,West
2118,2022-03-18,Keyboard,1,50,45.85,North
2119,2022-03-18,Headphones,2,100,156.93,East
2120,2022-03-18,Charger,1,25,19.7,East
2121,2022-03-19,Monitor,2,300,469.28,South
2122,2022-03-19,Charger,4,25,78.39,South
2123,2022-03-19,Mouse,3,30,66.24,North
2124,2022-03-19,Headphones,1,100,82.45,South
2125,2022-03-19,Headphones,2,100,160.66,South
2126,2022-03-19,Keyboard,1,50,39.24,West
2127,2022-03-20,Headphones,1,100,89.48,North
2128,2022-03-20,Mouse,4,30,99.26,North
2129,2022-03-21,Tablet,1,400,311.52,East
2130,2022-03-21,Mouse,2,30,45.03,West
2131,2022-03-21,Mouse,5,30,125.51,East
2132,2022-03-22,Keyboard,2,50,80.03,North
2133,2022-03-22,Charger,1,25,18.11,South
2134,2022-03-23,Monitor,2,300,522.01,North
2135,2022-03-23,Phone,1,600,513.3,West
2136,2022-03-23,Mouse,5,30,130.13,East
2137,2022-03-24,Tablet,3,400,944.21,West
2138,2022-03-24,Laptop,2,800,1369.43,West
2139,2022-03-24,Charger,4,25,79.42,South
2140,2022-03-24,Tablet,4,400,1410.82,South
2141,2022-03-24,Keyboard,3,50,109.56,East
2142,2022-03-24,Monitor,2,300,468.24,North
2143,2022-03-24,Keyboard,1,50,36.69,West
2144,2022-03-25,Charger,4,25,85.59,South
2145,2022-03-25,Mouse,2,30,44.07,North
2146,2022-03-25,Monitor,4,300,1015.95,South
2147,2022-03-25,Charger,5,25,94.29,East
2148,2022-03-26,Charger,1,25,21.99,North
2149,2022-03-26,Monitor,5,300,1293.49,South
2150,2022-03-26,Headphones,2,100,181.86,West
2151,2022-03-27,Headphones,1,100,91.02,North
2152,2022-03-28,Keyboard,3,50,120.43,East
2153,2022-03-28,Monitor,5,300,1295.57,West
2154,2022-03-28,Headphones,1,100,76.58,North
2155,2022-03-29,Tablet,2,400,673.34,North
2156,2022-03-29,Charger,1,25,18.98,South
2157,2022-03-30,Charger,4,25,89.02,West
2158,2022-03-30,Keyboard,5,50,201.84,West
2159,2022-03-30,Monitor,2,300,508.12,East
2160,2022-03-30,Keyboard,4,50,146.07,East
2161,2022-03-30,Tablet,1,400,313.13,North
2162,2022-03-31,Monitor,3,300,668.51,East
2163,2022-03-31,Charger,5,25,113.95,South
2164,2022-03-31,Mouse,1,30,25.05,North
2165,2022-03-31,Laptop,1,800,595.01,North
2166,2022-03-31,Charger,2,25,39.54,East
2167,2022-04-01,Charger,4,25,90.98,East
2168,2022-04-02,Charger,1,25,22.3,West
2169,2022-04-02,Monitor,4,300,975.2,West
2170,2022-04-02,Tablet,3,400,999.03,West
2171,2022-04-02,Laptop,3,800,1900.4,West
2172,2022-04-03,Headphones,3,100,261.7,North
2173,2022-04-03,Laptop,3,800,1860.63,North
2174,2022-04-03,Keyboard,1,50,36.84,West
2175,2022-04-04,Charger,4,25,86.79,South
2176,2022-04-04,Mouse,5,30,117.9,East
2177,2022-04-04,Tablet,2,400,613.23,West
2178,2022-04-04,Phone,1,600,469.71,West
2179,2022-04-05,Laptop,5,800,2891.37,North
2180,2022-04-05,Headphones,3,100,272.47,North
2181,2022-04-05,Phone,2,600,1059.23,East
2182,2022-04-05,Phone,2,600,910.52,North
2183,2022-04-05,Tablet,4,400,1322.23,North
2184,2022-04-05,Tablet,3,400,943.53,West
2185,2022-04-05,Laptop,1,800,697.33,North
2186,2022-04-06,Tablet,5,400,1671.84,North
2187,2022-04-06,Phone,3,600,1508.29,East
2188,2022-04-06,Monitor,3,300,692.89,North
2189,2022-04-06,Headphones,3,100,269.61,South
2190,2022-04-07,Laptop,1,800,625.63,East
2191,2022-04-07,Keyboard,3,50,136.7,North
2192,2022-04-07,Charger,3,25,67.16,South
2193,2022-04-07,Mouse,4,30,89.06,North
2194,2022-04-08,Keyboard,4,50,168.2,South
2195,2022-04-08,Tablet,1,400,289.92,East
2196,2022-04-08,Keyboard,1,50,45.0,East
2197,2022-04-09,Laptop,5,800,3002.52,East
2198,2022-04-09,Laptop,4,800,2655.8,South
2199,2022-04-10,Monitor,3,300,726.76,West
2200,2022-04-10,Monitor,5,300,1168.91,West
2201,2022-04-11,Monitor,1,300,263.87,South
2202,2022-04-11,Keyboard,3,50,134.75,West
2203,2022-04-11,Charger,4,25,90.87,East
2204,2022-04-12,Phone,3,600,1633.37,North
2205,2022-04-12,Headphones,4,100,357.11,South
2206,2022-04-12,Monitor,3,300,694.67,West
2207,2022-04-12,Keyboard,3,50,136.63,South
2208,2022-04-12,Tablet,3,400,990.04,East
2209,2022-04-13,Charger,4,25,78.63,North
2210,2022-04-13,Keyboard,2,50,79.07,North
2211,2022-04-13,Laptop,2,800,1249.43,South
2212,2022-04-13,Charger,3,25,67.23,West
2213,2022-04-14,Phone,3,600,1602.1,North
2214,2022-04-14,Laptop,3,800,2045.58,South
2215,2022-04-14,Keyboard,5,50,215.86,North
2216,2022-04-15,Laptop,5,800,3529.36,South
2217,2022-04-15,Keyboard,1,50,45.13,North
2218,2022-04-15,Charger,3,25,60.16,West
2219,2022-04-15,Mouse,2,30,44.63,North
2220,2022-04-16,Charger,1,25,18.99,West
2221,2022-04-16,Charger,2,25,43.56,East
2222,2022-04-17,Keyboard,2,50,88.45,East
2223,2022-04-18,Headphones,1,100,90.67,South
2224,2022-04-18,Keyboard,2,50,72.21,North
2225,2022-04-18,Laptop,5,800,2977.86,South
2226,2022-04-18,Charger,2,25,36.63,South
2227,2022-04-19,Keyboard,2,50,87.45,North
2228,2022-04-19,Mouse,1,30,25.61,East
2229,2022-04-19,Laptop,3,800,1954.8,West
2230,2022-04-19,Headphones,5,100,361.88,East
2231,2022-04-19,Tablet,3,400,968.74,East
2232,2022-04-20,Charger,4,25,84.39,North
2233,2022-04-20,Monitor,1,300,243.48,East
2234,2022-04-21,Monitor,4,300,1062.1,West
2235,2022-04-21,Keyboard,5,50,200.6,North
2236,2022-04-22,Tablet,2,400,666.77,South
2237,2022-04-23,Tablet,3,400,929.4,North
2238,2022-04-23,Headphones,3,100,239.24,South
2239,2022-04-23,Keyboard,1,50,45.56,East
2240,2022-04-24,Monitor,2,300,435.09,East
2241,2022-04-24,Keyboard,3,50,120.82,South
2242,2022-04-25,Mouse,2,30,46.85,South
2243,2022-04-25,Monitor,3,300,812.79,East
2244,2022-04-26,Tablet,4,400,1358.57,South
2245,2022-04-26,Monitor,1,300,232.06,North
2246,2022-04-26,Laptop,3,800,1933.59,East
2247,2022-04-26,Keyboard,2,50,84.5,East
2248,2022-04-26,Headphones,3,100,228.67,West
2249,2022-04-27,Monitor,5,300,1132.75,South
2250,2022-04-28,Keyboard,2,50,72.82,East
2251,2022-04-28,Charger,3,25,61.09,West
2252,2022-04-28,Mouse,5,30,132.68,North
2253,2022-04-28,Monitor,2,300,456.78,West
2254,2022-04-29,Keyboard,3,50,122.8,East
2255,2022-04-29,Phone,3,600,1535.5,West
2256,2022-04-29,Laptop,4,800,2542.02,North
2257,2022-04-29,Headphones,1,100,84.0,North
2258,2022-04-29,Mouse,2,30,44.54,West
2259,2022-04-29,Headphones,4,100,312.16,North
2260,2022-04-29,Laptop,1,800,669.95,South
2261,2022-04-29,Headphones,2,100,176.1,East
2262,2022-04-30,Laptop,2,800,1455.09,South
2263,2022-04-30,Keyboard,5,50,219.68,West
2264,2022-05-01,Keyboard,4,50,180.58,North
2265,2022-05-01,Headphones,2,100,161.5,South
2266,2022-05-01,Monitor,4,300,883.14,East
2267,2022-05-01,Phone,4,600,2038.8,East
2268,2022-05-01,Tablet,3,400,866.6,East
2269,2022-05-02,Monitor,3,300,686.64,West
2270,2022-05-03,Monitor,2,300,468.02,South
2271,2022-05-03,Laptop,1,800,661.06,West
2272,2022-05-03,Keyboard,1,50,42.42,South
2273,2022-05-04,Keyboard,5,50,180.74,West
2274,2022-05-04,Headphones,4,100,354.51,West
2275,2022-05-04,Headphones,4,100,312.48,West
2276,2022-05-05,Monitor,4,300,915.53,South
2277,2022-05-05,Phone,1,600,453.87,East
2278,2022-05-05,Tablet,3,400,920.45,West
2279,2022-05-06,Monitor,4,300,1036.44,South
2280,2022-05-06,Headphones,1,100,81.11,East
2281,2022-05-07,Headphones,2,100,148.4,East
2282,2022-05-07,Mouse,3,30,79.77,East
2283,2022-05-08,Charger,3,25,55.16,South
2284,2022-05-08,Tablet,4,400,1331.93,South
2285,2022-05-08,Monitor,3,300,728.44,West
2286,2022-05-08,Keyboard,5,50,194.95,East
2287,2022-05-09,Mouse,4,30,100.79,East
2288,2022-05-09,Phone,2,600,948.6,West
2289,2022-05-09,Keyboard,5,50,196.58,West
2290,2022-05-10,Phone,4,600,1774.7,North
2291,2022-05-10,Phone,2,600,987.17,West
2292,2022-05-10,Keyboard,3,50,121.78,North
2293,2022-05-10,Charger,2,25,36.9,West
2294,2022-05-10,Tablet,5,400,1447.31,North
2295,2022-05-10,Headphones,4,100,363.5,East
2296,2022-05-11,Headphones,5,100,426.2,East
2297,2022-05-11,Monitor,5,300,1242.11,North
2298,2022-05-11,Monitor,3,300,792.37,South
2299,2022-05-12,Keyboard,2,50,72.71,North
2300,2022-05-12,Keyboard,1,50,41.37,South
2301,2022-05-12,Phone,2,600,952.85,North
2302,2022-05-13,Phone,4,600,1856.79,West
2303,2022-05-13,Phone,5,600,2609.65,West
2304,2022-05-14,Laptop,2,800,1199.92,West
2305,2022-05-14,Mouse,3,30,70.17,South
2306,2022-05-14,Tablet,1,400,310.29,North
2307,2022-05-15,Tablet,4,400,1468.23,West
2308,2022-05-15,Charger,1,25,22.29,North
2309,2022-05-15,Headphones,1,100,72.8,North
2310,2022-05-15,Phone,2,600,1073.31,South
2311,2022-05-16,Laptop,1,800,604.16,South
2312,2022-05-16,Keyboard,5,50,192.65,West
2313,2022-05-16,Mouse,3,30,80.67,South
2314,2022-05-16,Tablet,4,400,1202.24,South
2315,2022-05-17,Mouse,1,30,27.04,West
2316,2022-05-18,Tablet,5,400,1490.08,West
2317,2022-05-18,Tablet,5,400,1772.49,North
2318,2022-05-18,Charger,2,25,43.51,East
2319,2022-05-18,Laptop,1,800,731.05,South
2320,2022-05-18,Laptop,5,800,3055.73,West
2321,2022-05-18,Keyboard,4,50,172.98,East
2322,2022-05-19,Monitor,2,300,542.17,North
2323,2022-05-19,Mouse,5,30,129.74,East
2324,2022-05-19,Charger,1,25,18.55,South
2325,2022-05-19,Phone,2,600,1087.04,North
2326,2022-05-19,Headphones,1,100,78.72,East
2327,2022-05-20,Charger,5,25,109.12,South
2328,2022-05-20,Monitor,4,300,1021.65,East
2329,2022-05-20,Mouse,3,30,73.53,South
2330,2022-05-21,Phone,4,600,1825.94,West
2331,2022-05-21,Charger,3,25,65.24,West
2332,2022-05-21,Charger,5,25,112.32,East
2333,2022-05-21,Mouse,4,30,89.41,East
2334,2022-05-21,Headphones,4,100,323.19,West
2335,2022-05-21,Tablet,1,400,294.5,North
2336,2022-05-22,Monitor,5,300,1156.79,East
2337,2022-05-22,Charger,3,25,56.93,North
2338,2022-05-23,Headphones,5,100,398.58,East
2339,2022-05-23,Mouse,4,30,87.5,East
2340,2022-05-23,Keyboard,2,50,83.28,South
2341,2022-05-24,Monitor,5,300,1182.99,North
2342,2022-05-24,Keyboard,3,50,129.25,West
2343,2022-05-24,Mouse,5,30,135.51,East
2344,2022-05-24,Laptop,3,800,2071.38,East
2345,2022-05-25,Phone,2,600,912.81,North
2346,2022-05-25,Mouse,1,30,23.5,South
2347,2022-05-25,Headphones,5,100,371.15,North
2348,2022-05-25,Monitor,5,300,1180.92,North
2349,2022-05-26,Keyboard,5,50,194.49,North
2350,2022-05-26,Headphones,5,100,381.68,North
2351,2022-05-26,Tablet,1,400,339.31,East
2352,2022-05-26,Charger,4,25,84.64,North
2353,2022-05-26,Laptop,2,800,1419.58,North
2354,2022-05-26,Tablet,2,400,669.62,North
2355,2022-05-27,Laptop,3,800,1913.24,North
2356,2022-05-29,Mouse,1,30,27.31,West
2357,2022-05-29,Phone,5,600,2569.24,South
2358,2022-05-30,Mouse,4,30,88.79,North
2359,2022-05-30,Monitor,3,300,729.41,West
2360,2022-05-30,Headphones,1,100,79.03,West
2361,2022-05-30,Phone,2,600,989.39,North
2362,2022-05-30,Tablet,1,400,316.56,West
2363,2022-05-31,Keyboard,5,50,221.07,North
2364,2022-05-31,Charger,2,25,40.04,South
2365,2022-06-02,Charger,2,25,38.03,West
2366,2022-06-02,Laptop,4,800,2619.8,North
2367,2022-06-03,Tablet,5,400,1446.98,North
2368,2022-06-03,Laptop,2,800,1167.96,North
2369,2022-06-04,Mouse,5,30,130.68,West
2370,2022-06-04,Charger,3,25,55.38,South
2371,2022-06-04,Tablet,3,400,1050.17,North
2372,2022-06-05,Keyboard,4,50,155.67,South
2373,2022-06-05,Monitor,1,300,222.2,West
2374,2022-06-06,Monitor,1,300,263.71,North
2375,2022-06-06,Tablet,1,400,360.6,West
2376,2022-06-07,Mouse,3,30,73.43,South
2377,2022-06-07,Phone,2,600,889.75,South
2378,2022-06-07,Monitor,4,300,962.7,East
2379,2022-06-08,Tablet,1,400,318.5,South
2380,2022-06-08,Laptop,5,800,3569.32,South
2381,2022-06-08,Tablet,5,400,1717.62,North
2382,2022-06-09,Tablet,4,400,1360.9,West
2383,2022-06-10,Headphones,5,100,409.72,North
2384,2022-06-10,Mouse,2,30,47.1,North
2385,2022-06-12,Tablet,1,400,333.42,South
2386,2022-06-12,Phone,1,600,526.48,North
2387,2022-06-12,Mouse,4,30,90.82,East
2388,2022-06-13,Headphones,4,100,316.83,West
2389,2022-06-13,Laptop,2,800,1170.94,North
2390,2022-06-13,Phone,1,600,517.27,South
2391,2022-06-13,Headphones,1,100,86.27,East
2392,2022-06-14,Tablet,4,400,1226.25,South
2393,2022-06-14,Mouse,4,30,90.77,North
2394,2022-06-14,Monitor,3,300,721.53,South
2395,2022-06-14,Headphones,5,100,379.76,North
2396,2022-06-14,Laptop,3,800,1749.99,South
2397,2022-06-15,Keyboard,5,50,198.39,South
2398,2022-06-15,Phone,1,600,446.12,South
2399,2022-06-15,Laptop,5,800,3481.91,West
2400,2022-06-15,Keyboard,2,50,80.87,East
2401,2022-06-15,Phone,4,600,2088.9,West
2402,2022-06-16,Laptop,3,800,2032.23,North
2403,2022-06-16,Monitor,1,300,272.36,West
2404,2022-06-16,Phone,4,600,2121.18,East
2405,2022-06-17,Tablet,2,400,720.57,South
2406,2022-06-17,Tablet,2,400,657.11,East
2407,2022-06-17,Phone,3,600,1589.28,North
2408,2022-06-17,Charger,5,25,110.77,South
2409,2022-06-17,Tablet,3,400,1060.71,East
2410,2022-06-17,Mouse,5,30,124.38,South
2411,2022-06-18,Charger,5,25,91.85,East
2412,2022-06-18,Mouse,5,30,122.51,South
2413,2022-06-18,Laptop,1,800,720.71,West
2414,2022-06-19,Laptop,3,800,2081.97,South
2415,2022-06-19,Phone,5,600,2620.58,North
2416,2022-06-20,Headphones,2,100,176.19,West
2417,2022-06-20,Monitor,5,300,1311.04,West
2418,2022-06-21,Monitor,2,300,546.22,West
2419,2022-06-22,Mouse,4,30,107.75,West
2420,2022-06-23,Mouse,2,30,46.72,North
2421,2022-06-23,Keyboard,3,50,128.43,South
2422,2022-06-24,Monitor,5,300,1325.42,West
2423,2022-06-24,Keyboard,3,50,111.72,West
2424,2022-06-24,Monitor,4,300,1000.1,East
2425,2022-06-25,Phone,5,600,2706.96,East
2426,2022-06-26,Mouse,2,30,50.72,North
2427,2022-06-27,Tablet,3,400,914.91,North
2428,2022-06-27,Monitor,3,300,747.28,South
2429,2022-06-27,Phone,3,600,1548.92,South
2430,2022-06-27,Headphones,4,100,344.18,East
2431,2022-06-28,Charger,2,25,45.45,South
2432,2022-06-28,Headphones,5,100,441.59,South
2433,2022-06-28,Headphones,3,100,266.59,East
2434,2022-06-28,Mouse,4,30,97.66,East
2435,2022-06-29,Laptop,1,800,589.48,South
2436,2022-06-30,Keyboard,5,50,221.51,East
2437,2022-06-30,Mouse,3,30,67.04,North
2438,2022-07-01,Laptop,2,800,1410.15,North
2439,2022-07-01,Charger,3,25,68.08,East
2440,2022-07-01,Keyboard,1,50,43.4,East
2441,2022-07-01,Phone,5,600,2394.55,North
2442,2022-07-02,Keyboard,3,50,136.54,East
2443,2022-07-02,Laptop,2,800,1384.57,East
2444,2022-07-03,Headphones,3,100,226.09,South
2445,2022-07-03,Laptop,5,800,2980.61,East
2446,2022-07-04,Tablet,3,400,945.78,East
2447,2022-07-04,Headphones,4,100,347.47,West
2448,2022-07-06,Laptop,1,800,624.82,West
2449,2022-07-06,Keyboard,1,50,40.74,South
2450,2022-07-06,Laptop,1,800,671.44,West
2451,2022-07-06,Phone,1,600,539.06,South
2452,2022-07-07,Keyboard,4,50,169.11,West
2453,2022-07-07,Phone,5,600,2663.59,North
2454,2022-07-09,Keyboard,3,50,134.81,North
2455,2022-07-09,Mouse,1,30,26.03,East
2456,2022-07-09,Monitor,1,300,226.94,East
2457,2022-07-10,Charger,4,25,73.04,South
2458,2022-07-10,Laptop,1,800,687.71,North
2459,2022-07-10,Headphones,1,100,75.05,West
2460,2022-07-10,Tablet,1,400,310.68,North
2461,2022-07-10,Tablet,2,400,700.01,West
2462,2022-07-11,Keyboard,1,50,39.25,West
2463,2022-07-11,Tablet,5,400,1629.34,East
2464,2022-07-11,Tablet,2,400,724.2,North
2465,2022-07-12,Mouse,1,30,24.27,East
2466,2022-07-12,Mouse,4,30,88.86,South
2467,2022-07-12,Keyboard,4,50,171.9,South
2468,2022-07-13,Tablet,4,400,1376.94,North
2469,2022-07-13,Laptop,4,800,2322.17,East
2470,2022-07-13,Laptop,2,800,1289.87,North
2471,2022-07-14,Laptop,2,800,1439.38,West
2472,2022-07-14,Tablet,5,400,1763.79,South
2473,2022-07-15,Laptop,1,800,727.66,South
2474,2022-07-15,Keyboard,4,50,173.67,South
2475,2022-07-16,Laptop,4,800,2337.09,North
2476,2022-07-16,Keyboard,5,50,218.27,North
2477,2022-07-17,Charger,1,25,22.2,South
2478,2022-07-17,Phone,1,600,526.74,East
2479,2022-07-17,Phone,3,600,1411.99,South
2480,2022-07-18,Keyboard,3,50,114.39,West
2481,2022-07-18,Keyboard,4,50,145.69,West
2482,2022-07-20,Phone,2,600,1018.5,South
2483,2022-07-20,Laptop,2,800,1413.55,South
2484,2022-07-20,Monitor,1,300,245.47,South
2485,2022-07-20,Laptop,1,800,723.08,North
2486,2022-07-20,Monitor,4,300,966.34,North
2487,2022-07-20,Tablet,4,400,1202.77,East
2488,2022-07-20,Tablet,3,400,1095.9,West
2489,2022-07-21,Keyboard,2,50,81.41,South
2490,2022-07-21,Phone,5,600,2275.71,South
2491,2022-07-21,Keyboard,2,50,80.09,East
2492,2022-07-23,Keyboard,1,50,45.88,North
2493,2022-07-23,Laptop,1,800,634.49,West
2494,2022-07-23,Headphones,5,100,379.98,South
2495,2022-07-23,Tablet,3,400,868.69,South
2496,2022-07-24,Charger,3,25,54.33,South
2497,2022-07-24,Mouse,2,30,44.11,South
2498,2022-07-24,Charger,1,25,22.43,North
2499,2022-07-25,Charger,2,25,44.35,South
2500,2022-07-25,Keyboard,1,50,37.89,North
2501,2022-07-25,Monitor,4,300,1068.31,West
2502,2022-07-25,Keyboard,1,50,43.22,South
2503,2022-07-26,Charger,3,25,61.76,South
2504,2022-07-26,Charger,4,25,87.05,South
2505,2022-07-26,Mouse,1,30,23.76,South
2506,2022-07-26,Tablet,3,400,1080.58,West
2507,2022-07-27,Monitor,4,300,1074.6,South
2508,2022-07-27,Headphones,1,100,78.03,West
2509,2022-07-28,Phone,5,600,2557.95,South
2510,2022-07-28,Charger,4,25,85.87,North
2511,2022-07-28,Monitor,3,300,732.81,West
2512,2022-07-28,Headphones,5,100,370.74,West
2513,2022-07-29,Mouse,1,30,25.07,South
2514,2022-07-29,Monitor,4,300,1040.84,North
2515,2022-07-29,Keyboard,5,50,194.91,South
2516,2022-07-30,Keyboard,3,50,121.35,North
2517,2022-07-30,Laptop,2,800,1362.18,South
2518,2022-07-30,Mouse,3,30,71.18,North
2519,2022-07-31,Laptop,4,800,2484.25,North
2520,2022-07-31,Monitor,4,300,867.72,North
2521,2022-08-01,Monitor,2,300,457.8,West
2522,2022-08-01,Monitor,1,300,260.84,North
2523,2022-08-01,Keyboard,2,50,72.24,West
2524,2022-08-01,Mouse,5,30,121.24,North
2525,2022-08-02,Mouse,4,30,86.9,South
2526,2022-08-02,Headphones,4,100,300.3,North
2527,2022-08-03,Tablet,1,400,297.49,East
2528,2022-08-04,Laptop,4,800,2519.91,South
2529,2022-08-04,Phone,1,600,440.27,North
2530,2022-08-04,Tablet,5,400,1748.0,South
2531,2022-08-04,Charger,4,25,81.24,North
2532,2022-08-04,Tablet,4,400,1398.3,East
2533,2022-08-05,Keyboard,2,50,77.51,South
2534,2022-08-06,Monitor,3,300,769.0,West
2535,2022-08-06,Mouse,2,30,50.58,West
2536,2022-08-06,Keyboard,5,50,216.98,West
2537,2022-08-06,Headphones,4,100,302.08,East
2538,2022-08-07,Monitor,1,300,264.15,North
2539,2022-08-07,Phone,2,600,973.38,East
2540,2022-08-07,Keyboard,5,50,216.28,West
2541,2022-08-07,Laptop,4,800,2401.93,South
2542,2022-08-09,Laptop,2,800,1465.1,North
2543,2022-08-09,Phone,1,600,514.44,East
2544,2022-08-09,Headphones,2,100,150.25,West
2545,2022-08-09,Phone,3,600,1421.23,North
2546,2022-08-10,Headphones,2,100,152.59,East
2547,2022-08-10,Monitor,4,300,999.74,East
2548,2022-08-10,Keyboard,1,50,43.89,East
2549,2022-08-11,Keyboard,3,50,129.49,East
2550,2022-08-11,Mouse,2,30,49.05,North
2551,2022-08-11,Charger,4,25,73.78,North
2552,2022-08-12,Headphones,5,100,397.3,South
2553,2022-08-13,Phone,4,600,2027.26,East
2554,2022-08-13,Phone,5,600,2434.29,East
2555,2022-08-13,Laptop,4,800,2659.47,North
2556,2022-08-13,Headphones,5,100,398.6,South
2557,2022-08-13,Headphones,4,100,353.8,East
2558,2022-08-13,Keyboard,3,50,111.52,West
2559,2022-08-15,Charger,1,25,21.45,South
2560,2022-08-15,Laptop,3,800,1980.28,South
2561,2022-08-15,Charger,2,25,41.88,East
2562,2022-08-16,Phone,2,600,1024.68,South
2563,2022-08-16,Monitor,2,300,487.51,West
2564,2022-08-16,Mouse,4,30,97.54,North
2565,2022-08-16,Headphones,1,100,78.34,East
2566,2022-08-16,Keyboard,5,50,186.61,North
2567,2022-08-17,Mouse,4,30,99.71,South
2568,2022-08-17,Headphones,5,100,412.26,East
2569,2022-08-17,Mouse,4,30,100.67,North
2570,2022-08-17,Charger,2,25,43.26,South
2571,2022-08-17,Keyboard,3,50,115.54,North
2572,2022-08-18,Headphones,2,100,148.86,South
2573,2022-08-19,Keyboard,4,50,174.92,East
2574,2022-08-19,Mouse,3,30,75.01,West
2575,2022-08-19,Monitor,3,300,724.77,West
2576,2022-08-20,Monitor,2,300,501.2,East
2577,2022-08-20,Monitor,4,300,996.59,West
2578,2022-08-20,Headphones,1,100,82.47,West
2579,2022-08-21,Phone,5,600,2655.88,West
2580,2022-08-21,Keyboard,1,50,38.22,East
2581,2022-08-21,Tablet,1,400,301.77,South
2582,2022-08-22,Charger,3,25,59.41,East
2583,2022-08-23,Phone,4,600,1809.93,West
2584,2022-08-23,Keyboard,2,50,74.12,West
2585,2022-08-23,Laptop,3,800,2094.87,West
2586,2022-08-24,Phone,2,600,1063.17,West
2587,2022-08-24,Headphones,3,100,219.44,North
2588,2022-08-24,Monitor,5,300,1351.83,North
2589,2022-08-24,Tablet,2,400,619.28,East
2590,2022-08-25,Keyboard,5,50,219.28,West
2591,2022-08-25,Headphones,1,100,86.82,South
2592,2022-08-25,Tablet,5,400,1695.65,South
2593,2022-08-26,Charger,4,25,75.16,North
2594,2022-08-26,Laptop,2,800,1369.73,West
2595,2022-08-27,Monitor,4,300,942.52,North
2596,2022-08-27,Mouse,1,30,27.35,East
2597,2022-08-28,Charger,3,25,65.45,West
2598,2022-08-28,Monitor,4,300,931.31,South
2599,2022-08-28,Charger,3,25,56.13,North
2600,2022-08-29,Laptop,1,800,707.93,East
2601,2022-08-30,Laptop,2,800,1239.86,North
2602,2022-08-30,Headphones,1,100,90.88,North
2603,2022-08-30,Monitor,4,300,915.66,West
2604,2022-08-30,Tablet,2,400,628.09,South
2605,2022-08-31,Laptop,5,800,2887.19,West
2606,2022-08-31,Charger,2,25,38.57,North
2607,2022-08-31,Mouse,3,30,78.46,West
2608,2022-09-01,Charger,5,25,107.15,North
2609,2022-09-01,Laptop,4,800,2875.62,West
2610,2022-09-02,Headphones,3,100,246.52,West
2611,2022-09-02,Monitor,3,300,787.87,North
2612,2022-09-02,Monitor,2,300,473.66,East
2613,2022-09-02,Laptop,2,800,1174.64,West
2614,2022-09-02,Charger,2,25,43.3,West
2615,2022-09-02,Headphones,3,100,255.02,North
2616,2022-09-02,Charger,1,25,18.6,North
2617,2022-09-02,Monitor,5,300,1348.08,North
2618,2022-09-03,Laptop,1,800,594.82,North
2619,2022-09-03,Phone,5,600,2442.21,West
2620,2022-09-05,Charger,3,25,67.52,West
2621,2022-09-05,Monitor,4,300,936.81,West
2622,2022-09-05,Mouse,4,30,86.93,South
2623,2022-09-05,Keyboard,2,50,88.3,North
2624,2022-09-06,Keyboard,5,50,214.24,East
2625,2022-09-06,Monitor,2,300,535.78,North
2626,2022-09-06,Headphones,1,100,75.25,North
2627,2022-09-07,Tablet,3,400,1010.06,South
2628,2022-09-07,Charger,1,25,20.38,East
2629,2022-09-08,Headphones,3,100,216.78,East
2630,2022-09-08,Charger,3,25,64.24,North
2631,2022-09-08,Tablet,1,400,317.73,East
2632,2022-09-09,Tablet,4,400,1368.32,West
2633,2022-09-09,Monitor,3,300,824.75,North
2634,2022-09-10,Headphones,5,100,380.11,North
2635,2022-09-11,Tablet,5,400,1785.73,North
2636,2022-09-11,Keyboard,2,50,88.56,East
2637,2022-09-11,Keyboard,2,50,76.64,West
2638,2022-09-12,Charger,5,25,113.01,East
2639,2022-09-12,Headphones,5,100,382.96,East
2640,2022-09-12,Tablet,4,400,1204.41,East
2641,2022-09-12,Phone,1,600,461.81,West
2642,2022-09-12,Charger,3,25,65.5,West
2643,2022-09-12,Mouse,5,30,121.12,North
2644,2022-09-13,Mouse,3,30,78.47,West
2645,2022-09-13,Headphones,3,100,271.56,West
2646,2022-09-13,Monitor,4,300,1035.95,South
2647,2022-09-13,Mouse,3,30,71.17,East
2648,2022-09-14,Phone,5,600,2289.24,West
2649,2022-09-14,Charger,5,25,91.23,East
2650,2022-09-14,Phone,5,600,2750.64,South
2651,2022-09-14,Tablet,3,400,950.11,North
2652,2022-09-15,Headphones,5,100,440.1,North
2653,2022-09-15,Mouse,3,30,73.24,West
2654,2022-09-15,Laptop,2,800,1157.98,South
2655,2022-09-15,Headphones,3,100,262.59,North
2656,2022-09-15,Mouse,2,30,48.77,East
2657,2022-09-15,Laptop,5,800,3090.15,North
2658,2022-09-16,Charger,2,25,41.75,North
2659,2022-09-16,Tablet,1,400,327.62,East
2660,2022-09-17,Mouse,2,30,52.91,South
2661,2022-09-17,Headphones,5,100,432.09,South
2662,2022-09-17,Phone,4,600,1984.7,East
2663,2022-09-17,Keyboard,3,50,114.68,North
2664,2022-09-17,Monitor,3,300,696.84,South
2665,2022-09-18,Headphones,2,100,159.95,West
2666,2022-09-18,Headphones,1,100,72.61,West
2667,2022-09-18,Laptop,5,800,3554.91,North
2668,2022-09-19,Laptop,4,800,2577.02,South
2669,2022-09-19,Mouse,1,30,23.05,East
2670,2022-09-19,Laptop,1,800,637.76,West
2671,2022-09-19,Charger,3,25,61.39,East
2672,2022-09-19,Tablet,5,400,1522.06,South
2673,2022-09-20,Keyboard,2,50,77.24,East
2674,2022-09-20,Monitor,4,300,962.08,West
2675,2022-09-20,Headphones,1,100,83.45,South
2676,2022-09-20,Headphones,1,100,78.81,North
2677,2022-09-20,Mouse,4,30,108.37,North
2678,2022-09-21,Headphones,5,100,451.19,South
2679,2022-09-21,Keyboard,5,50,216.2,South
2680,2022-09-22,Phone,4,600,2040.5,West
2681,2022-09-22,Laptop,2,800,1331.54,South
2682,2022-09-23,Headphones,2,100,158.57,East
2683,2022-09-23,Keyboard,4,50,148.62,North
2684,2022-09-23,Laptop,4,800,2837.61,North
2685,2022-09-24,Charger,1,25,22.9,West
2686,2022-09-24,Mouse,1,30,25.57,East
2687,2022-09-25,Monitor,3,300,743.44,West
2688,2022-09-26,Mouse,2,30,51.2,North
2689,2022-09-26,Mouse,5,30,121.77,South
2690,2022-09-26,Keyboard,5,50,188.63,South
2691,2022-09-27,Keyboard,3,50,117.65,South
2692,2022-09-27,Charger,2,25,43.23,East
2693,2022-09-28,Mouse,1,30,27.04,East
2694,2022-09-28,Monitor,4,300,1075.96,North
2695,2022-09-29,Keyboard,4,50,148.37,West
2696,2022-09-29,Headphones,4,100,346.14,East
2697,2022-09-30,Mouse,2,30,51.24,South
2698,2022-09-30,Mouse,5,30,132.49,North
2699,2022-09-30,Phone,3,600,1489.98,East
2700,2022-10-01,Tablet,2,400,623.23,East
2701,2022-10-01,Charger,5,25,91.16,East
2702,2022-10-01,Charger,4,25,80.5,West
2703,2022-10-01,Charger,1,25,19.75,North
2704,2022-10-02,Tablet,4,400,1425.27,South
2705,2022-10-02,Tablet,5,400,1461.22,North
2706,2022-10-02,Mouse,2,30,54.82,South
2707,2022-10-03,Tablet,4,400,1258.8,East
2708,2022-10-03,Tablet,1,400,355.36,North
2709,2022-10-04,Phone,2,600,1066.92,West
2710,2022-10-04,Tablet,5,400,1610.09,South
2711,2022-10-04,Tablet,3,400,884.11,West
2712,2022-10-04,Charger,5,25,97.94,South
2713,2022-10-04,Laptop,3,800,2182.75,South
2714,2022-10-05,Keyboard,3,50,135.91,East
2715,2022-10-05,Laptop,3,800,2134.6,East
2716,2022-10-06,Mouse,2,30,47.7,North
2717,2022-10-06,Tablet,3,400,1014.11,East
2718,2022-10-07,Monitor,2,300,466.32,North
2719,2022-10-08,Monitor,4,300,989.46,West
2720,2022-10-08,Monitor,4,300,954.44,North
2721,2022-10-08,Mouse,4,30,96.02,South
2722,2022-10-08,Laptop,2,800,1364.75,South
2723,2022-10-09,Phone,4,600,1898.11,North
2724,2022-10-09,Headphones,3,100,223.94,East
2725,2022-10-10,Headphones,3,100,244.05,West
2726,2022-10-10,Keyboard,2,50,84.72,South
2727,2022-10-10,Tablet,2,400,681.14,West
2728,2022-10-11,Charger,3,25,67.69,North
2729,2022-10-11,Monitor,5,300,1130.42,South
2730,2022-10-11,Charger,4,25,86.78,West
2731,2022-10-11,Tablet,2,400,596.61,West
2732,2022-10-11,Charger,2,25,45.42,West
2733,2022-10-11,Monitor,2,300,440.14,East
2734,2022-10-12,Charger,4,25,75.95,South
2735,2022-10-12,Tablet,4,400,1217.78,East
2736,2022-10-12,Charger,3,25,61.41,East
2737,2022-10-13,Tablet,2,400,599.85,West
2738,2022-10-13,Monitor,1,300,272.52,South
2739,2022-10-13,Laptop,4,800,2912.19,West
2740,2022-10-13,Laptop,1,800,684.77,East
2741,2022-10-13,Charger,5,25,108.38,West
2742,2022-10-13,Phone,5,600,2547.55,South
2743,2022-10-13,Charger,1,25,19.73,North
2744,2022-10-14,Laptop,4,800,2807.87,North
2745,2022-10-14,Keyboard,5,50,189.15,West
2746,2022-10-14,Phone,4,600,1995.87,East
2747,2022-10-15,Charger,5,25,105.67,South
2748,2022-10-15,Tablet,3,400,1035.07,East
2749,2022-10-15,Charger,3,25,57.98,East
2750,2022-10-15,Headphones,2,100,152.49,East
2751,2022-10-16,Tablet,3,400,1034.49,West
2752,2022-10-17,Monitor,4,300,1101.05,East
2753,2022-10-17,Headphones,1,100,91.33,East
2754,2022-10-17,Headphones,4,100,343.0,West
2755,2022-10-18,Keyboard,2,50,74.72,South
2756,2022-10-18,Laptop,1,800,712.21,North
2757,2022-10-18,Keyboard,3,50,122.27,South
2758,2022-10-18,Monitor,5,300,1337.6,North
2759,2022-10-18,Headphones,4,100,296.31,South
2760,2022-10-18,Charger,3,25,59.64,South
2761,2022-10-18,Tablet,3,400,1078.17,North
2762,2022-10-18,Laptop,3,800,1834.24,South
2763,2022-10-20,Laptop,2,800,1341.0,South
2764,2022-10-20,Mouse,5,30,108.7,South
2765,2022-10-20,Keyboard,2,50,78.53,South
2766,2022-10-20,Headphones,2,100,174.98,South
2767,2022-10-21,Phone,2,600,998.6,West
2768,2022-10-21,Mouse,5,30,109.34,North
2769,2022-10-22,Mouse,5,30,131.13,South
2770,2022-10-23,Charger,4,25,74.7,East
2771,2022-10-23,Tablet,2,400,607.01,West
2772,2022-10-23,Charger,3,25,65.19,South
2773,2022-10-24,Tablet,5,400,1550.71,North
2774,2022-10-24,Mouse,3,30,71.12,West
2775,2022-10-25,Headphones,4,100,365.33,North
2776,2022-10-25,Charger,4,25,82.53,East
2777,2022-10-25,Keyboard,5,50,198.76,South
2778,2022-10-26,Tablet,4,400,1156.81,South
2779,2022-10-26,Headphones,4,100,338.31,South
2780,2022-10-26,Tablet,1,400,338.16,East
2781,2022-10-27,Laptop,5,800,3468.43,East
2782,2022-10-27,Mouse,4,30,91.82,South
2783,2022-10-27,Tablet,1,400,311.53,North
2784,2022-10-27,Monitor,5,300,1136.08,North
2785,2022-10-27,Keyboard,3,50,123.96,South
2786,2022-10-28,Monitor,5,300,1175.18,South
2787,2022-10-28,Headphones,2,100,151.91,East
2788,2022-10-28,Phone,4,600,1957.11,East
2789,2022-10-29,Phone,4,600,1823.6,East
2790,2022-10-29,Headphones,3,100,257.69,West
2791,2022-10-29,Keyboard,4,50,156.14,West
2792,2022-10-30,Monitor,2,300,522.38,West
2793,2022-10-31,Laptop,1,800,724.57,South
2794,2022-10-31,Keyboard,3,50,118.89,South
2795,2022-10-31,Phone,2,600,917.17,South
2796,2022-10-31,Tablet,2,400,593.49,East
2797,2022-11-01,Headphones,2,100,174.61,North
2798,2022-11-01,Laptop,2,800,1410.7,North
2799,2022-11-02,Phone,1,600,613.48,North
2800,2022-11-02,Headphones,1,100,89.12,North
2801,2022-11-03,Laptop,3,800,2473.09,South
2802,2022-11-03,Tablet,3,400,1129.62,North
2803,2022-11-03,Charger,2,25,49.55,East
2804,2022-11-03,Phone,5,600,3116.47,East
2805,2022-11-03,Mouse,3,30,89.48,North
2806,2022-11-03,Phone,1,600,655.56,East
2807,2022-11-04,Charger,2,25,51.32,West
2808,2022-11-04,Mouse,4,30,123.39,North
2809,2022-11-04,Mouse,3,30,90.5,South
2810,2022-11-04,Headphones,3,100,300.44,South
2811,2022-11-04,Tablet,2,400,850.63,South
2812,2022-11-05,Mouse,2,30,65.0,North
2813,2022-11-05,Charger,3,25,80.62,East
2814,2022-11-06,Tablet,2,400,781.38,North
2815,2022-11-06,Monitor,5,300,1305.94,South
2816,2022-11-06,Monitor,4,300,1048.84,South
2817,2022-11-06,Monitor,4,300,1099.36,West
2818,2022-11-07,Phone,1,600,533.29,North
2819,2022-11-07,Keyboard,3,50,131.08,East
2820,2022-11-07,Charger,3,25,68.61,North
2821,2022-11-07,Headphones,1,100,99.25,South
2822,2022-11-08,Laptop,2,800,1675.61,South
2823,2022-11-08,Laptop,4,800,3141.47,North
2824,2022-11-08,Phone,1,600,611.65,West
2825,2022-11-09,Headphones,5,100,470.04,West
2826,2022-11-09,Laptop,2,800,1448.37,West
2827,2022-11-10,Monitor,1,300,263.76,East
2828,2022-11-10,Keyboard,5,50,273.12,South
2829,2022-11-10,Tablet,3,400,1136.92,North
2830,2022-11-11,Keyboard,3,50,149.86,West
2831,2022-11-12,Charger,3,25,71.35,East
2832,2022-11-12,Keyboard,5,50,248.31,West
2833,2022-11-12,Monitor,5,300,1560.97,West
2834,2022-11-13,Phone,5,600,3249.98,East
2835,2022-11-13,Phone,1,600,552.52,South
2836,2022-11-13,Headphones,1,100,87.28,West
2837,2022-11-13,Keyboard,4,50,212.07,West
2838,2022-11-13,Keyboard,1,50,49.74,North
2839,2022-11-14,Keyboard,4,50,191.69,South
2840,2022-11-14,Keyboard,1,50,52.05,East
2841,2022-11-15,Mouse,5,30,144.69,East
2842,2022-11-15,Phone,3,600,1933.56,South
2843,2022-11-15,Keyboard,1,50,50.47,West
2844,2022-11-15,Mouse,1,30,32.6,East
2845,2022-11-16,Phone,3,600,1706.75,West
2846,2022-11-16,Mouse,4,30,105.35,West
2847,2022-11-16,Headphones,3,100,301.11,West
2848,2022-11-17,Keyboard,4,50,193.3,East
2849,2022-11-17,Phone,1,600,653.86,South
2850,2022-11-17,Keyboard,4,50,178.45,West
2851,2022-11-17,Keyboard,1,50,54.76,West
2852,2022-11-18,Tablet,1,400,434.02,West
2853,2022-11-18,Phone,5,600,2797.14,East
2854,2022-11-18,Keyboard,5,50,217.28,South
2855,2022-11-18,Charger,4,25,101.86,East
2856,2022-11-19,Keyboard,5,50,256.16,North
2857,2022-11-19,Monitor,3,300,964.1,East
2858,2022-11-19,Phone,3,600,1600.66,East
2859,2022-11-21,Laptop,1,800,729.85,West
2860,2022-11-21,Tablet,3,400,1240.69,South
2861,2022-11-22,Mouse,5,30,141.53,North
2862,2022-11-22,Charger,5,25,125.76,North
2863,2022-11-22,Charger,1,25,25.3,South
2864,2022-11-23,Monitor,1,300,296.66,East
2865,2022-11-23,Phone,5,600,3211.97,East
2866,2022-11-23,Charger,3,25,73.52,South
2867,2022-11-23,Tablet,1,400,357.26,East
2868,2022-11-24,Phone,5,600,2666.8,North
2869,2022-11-24,Headphones,4,100,361.08,South
2870,2022-11-25,Headphones,1,100,97.41,West
2871,2022-11-25,Laptop,4,800,3295.85,North
2872,2022-11-26,Laptop,1,800,750.22,North
2873,2022-11-26,Laptop,2,800,1566.35,East
2874,2022-11-27,Charger,2,25,54.81,West
2875,2022-11-27,Monitor,2,300,655.26,South
2876,2022-11-27,Monitor,4,300,1166.85,West
2877,2022-11-27,Keyboard,5,50,242.72,East
2878,2022-11-27,Charger,2,25,44.93,East
2879,2022-11-28,Mouse,3,30,78.38,South
2880,2022-11-29,Headphones,4,100,415.52,East
2881,2022-11-30,Laptop,4,800,2830.43,East
2882,2022-11-30,Charger,3,25,72.94,East
2883,2022-11-30,Headphones,3,100,276.03,North
2884,2022-12-01,Monitor,2,300,573.85,South
2885,2022-12-01,Headphones,4,100,403.54,West
2886,2022-12-01,Headphones,3,100,321.42,North
2887,2022-12-01,Monitor,2,300,579.87,North
2888,2022-12-02,Headphones,4,100,358.76,North
2889,2022-12-02,Keyboard,5,50,260.02,South
2890,2022-12-03,Keyboard,5,50,223.75,North
2891,2022-12-04,Laptop,5,800,3955.21,North
2892,2022-12-04,Monitor,5,300,1618.15,North
2893,2022-12-04,Laptop,3,800,2636.15,South
2894,2022-12-05,Tablet,4,400,1754.39,North
2895,2022-12-05,Charger,4,25,86.84,West
2896,2022-12-06,Mouse,1,30,30.71,North
2897,2022-12-07,Monitor,3,300,886.09,East
2898,2022-12-07,Monitor,4,300,1076.83,West
2899,2022-12-07,Monitor,4,300,1157.1,East
2900,2022-12-08,Phone,4,600,2320.75,East
2901,2022-12-08,Mouse,2,30,53.06,West
2902,2022-12-08,Mouse,3,30,86.25,West
2903,2022-12-09,Charger,1,25,24.73,North
2904,2022-12-09,Mouse,5,30,132.21,East
2905,2022-12-09,Charger,1,25,22.92,North
2906,2022-12-10,Laptop,5,800,3788.47,North
2907,2022-12-12,Phone,5,600,2886.7,North
2908,2022-12-12,Charger,4,25,86.88,East
2909,2022-12-15,Phone,2,600,1187.37,North
2910,2022-12-15,Monitor,4,300,1059.34,West
2911,2022-12-16,Headphones,4,100,376.39,North
2912,2022-12-16,Charger,4,25,92.24,East
2913,2022-12-16,Monitor,5,300,1474.65,South
2914,2022-12-16,Tablet,1,400,398.56,North
2915,2022-12-16,Monitor,2,300,554.98,South
2916,2022-12-17,Phone,3,600,1766.6,South
2917,2022-12-17,Mouse,5,30,145.6,South
2918,2022-12-17,Charger,4,25,110.08,West
2919,2022-12-17,Laptop,5,800,4276.61,South
2920,2022-12-17,Keyboard,4,50,205.62,South
2921,2022-12-17,Tablet,5,400,2131.27,South
2922,2022-12-18,Charger,5,25,119.66,West
2923,2022-12-18,Charger,3,25,81.8,South
2924,2022-12-18,Headphones,4,100,381.82,South
2925,2022-12-19,Monitor,2,300,571.92,West
2926,2022-12-19,Charger,2,25,46.57,West
2927,2022-12-19,Monitor,1,300,278.17,East
2928,2022-12-19,Charger,1,25,27.11,South
2929,2022-12-19,Laptop,4,800,2959.76,North
2930,2022-12-19,Mouse,2,30,54.37,West
2931,2022-12-20,Tablet,4,400,1691.67,South
2932,2022-12-20,Keyboard,1,50,44.95,West
2933,2022-12-21,Monitor,2,300,582.61,East
2934,2022-12-21,Phone,4,600,2124.54,South
2935,2022-12-21,Headphones,3,100,294.86,South
2936,2022-12-22,Tablet,1,400,353.47,South
2937,2022-12-22,Charger,4,25,100.8,North
2938,2022-12-23,Charger,4,25,89.64,East
2939,2022-12-23,Headphones,4,100,412.95,West
2940,2022-12-23,Phone,2,600,1146.07,East
2941,2022-12-24,Keyboard,3,50,150.75,South
2942,2022-12-24,Mouse,2,30,64.89,North
2943,2022-12-25,Keyboard,4,50,203.83,East
2944,2022-12-26,Tablet,1,400,364.15,East
2945,2022-12-26,Phone,2,600,1264.56,West
2946,2022-12-27,Keyboard,3,50,132.3,North
2947,2022-12-27,Keyboard,2,50,91.52,East
2948,2022-12-28,Tablet,3,400,1293.49,North
2949,2022-12-28,Charger,2,25,52.31,North
2950,2022-12-28,Charger,3,25,79.17,West
2951,2023-01-01,Monitor,5,300,1220.38,North
2952,2023-01-01,Tablet,4,400,1486.72,West
2953,2023-01-01,Headphones,1,100,95.68,South
2954,2023-01-01,Mouse,3,30,76.57,North
2955,2023-01-02,Mouse,2,30,56.14,North
2956,2023-01-02,Tablet,1,400,348.45,North
2957,2023-01-04,Laptop,1,800,655.25,South
2958,2023-01-04,Phone,3,600,1600.75,North
2959,2023-01-05,Phone,2,600,975.82,South
2960,2023-01-05,Phone,5,600,2869.25,West
2961,2023-01-05,Laptop,1,800,739.46,North
2962,2023-01-06,Headphones,2,100,199.44,North
2963,2023-01-06,Laptop,5,800,3599.75,West
2964,2023-01-06,Charger,2,25,42.78,East
2965,2023-01-06,Phone,3,600,1481.12,North
2966,2023-01-07,Monitor,3,300,817.29,North
2967,2023-01-08,Phone,3,600,1845.89,North
2968,2023-01-08,Phone,2,600,1140.85,East
2969,2023-01-08,Charger,3,25,69.65,West
2970,2023-01-08,Keyboard,3,50,131.86,South
2971,2023-01-08,Headphones,1,100,93.57,East
2972,2023-01-09,Mouse,5,30,147.23,West
2973,2023-01-09,Mouse,2,30,54.35,South
2974,2023-01-09,Laptop,5,800,3559.17,East
2975,2023-01-09,Tablet,5,400,1811.34,East
2976,2023-01-09,Monitor,4,300,992.86,South
2977,2023-01-09,Phone,2,600,1131.19,South
2978,2023-01-09,Charger,5,25,122.15,West
2979,2023-01-10,Phone,5,600,2957.84,West
2980,2023-01-10,Laptop,3,800,2032.45,South
2981,2023-01-10,Tablet,5,400,1974.41,West
2982,2023-01-11,Keyboard,5,50,220.76,South
2983,2023-01-11,Headphones,1,100,90.58,West
2984,2023-01-12,Monitor,4,300,1036.24,East
2985,2023-01-12,Headphones,4,100,406.56,West
2986,2023-01-12,Laptop,2,800,1365.05,South
2987,2023-01-12,Mouse,5,30,129.28,North
2988,2023-01-12,Headphones,5,100,496.77,North
2989,2023-01-12,Charger,5,25,122.32,North
2990,2023-01-12,Keyboard,1,50,45.67,South
2991,2023-01-13,Mouse,3,30,79.33,East
2992,2023-01-13,Mouse,5,30,126.91,West
2993,2023-01-13,Phone,2,600,994.41,East
2994,2023-01-13,Laptop,2,800,1466.29,East
2995,2023-01-13,Tablet,4,400,1437.88,West
2996,2023-01-14,Charger,1,25,23.55,North
2997,2023-01-14,Mouse,1,30,30.78,South
2998,2023-01-14,Tablet,1,400,407.33,West
2999,2023-01-15,Tablet,3,400,1037.21,East
3000,2023-01-15,Tablet,2,400,806.17,East
3001,2023-01-15,Tablet,3,400,1019.69,South
3002,2023-01-15,Monitor,3,300,774.13,North
3003,2023-01-16,Headphones,3,100,296.06,West
3004,2023-01-16,Headphones,4,100,405.09,North
3005,2023-01-16,Mouse,1,30,25.4,East
3006,2023-01-16,Keyboard,2,50,83.62,North
3007,2023-01-17,Monitor,1,300,294.55,East
3008,2023-01-17,Keyboard,4,50,173.16,East
3009,2023-01-17,Tablet,4,400,1596.41,West
3010,2023-01-17,Charger,5,25,123.04,East
3011,2023-01-18,Monitor,1,300,256.03,East
3012,2023-01-18,Laptop,5,800,3849.39,West
3013,2023-01-19,Mouse,2,30,49.55,South
3014,2023-01-19,Laptop,2,800,1641.11,South
3015,2023-01-19,Mouse,5,30,153.07,North
3016,2023-01-20,Tablet,5,400,1759.74,North
3017,2023-01-20,Tablet,1,400,325.09,North
3018,2023-01-20,Monitor,5,300,1241.67,East
3019,2023-01-20,Laptop,3,800,2307.0,West
3020,2023-01-21,Keyboard,1,50,43.15,West
3021,2023-01-21,Monitor,4,300,1198.01,South
3022,2023-01-21,Tablet,2,400,823.99,South
3023,2023-01-21,Charger,2,25,40.67,East
3024,2023-01-21,Monitor,2,300,604.05,East
3025,2023-01-22,Monitor,2,300,517.56,South
3026,2023-01-22,Monitor,1,300,261.25,East
3027,2023-01-22,Phone,1,600,567.57,South
3028,2023-01-22,Monitor,2,300,539.19,West
3029,2023-01-22,Phone,5,600,2901.94,North
3030,2023-01-23,Phone,1,600,547.02,South
3031,2023-01-23,Tablet,3,400,974.73,East
3032,2023-01-23,Headphones,4,100,352.71,North
3033,2023-01-23,Mouse,2,30,61.77,West
3034,2023-01-23,Keyboard,3,50,132.46,North
3035,2023-01-24,Monitor,3,300,805.73,South
3036,2023-01-24,Keyboard,3,50,131.99,North
3037,2023-01-24,Monitor,3,300,815.11,North
3038,2023-01-25,Phone,2,600,1200.48,West
3039,2023-01-25,Keyboard,3,50,151.93,South
3040,2023-01-26,Headphones,4,100,375.82,East
3041,2023-01-26,Mouse,3,30,88.55,North
3042,2023-01-26,Mouse,4,30,109.87,West
3043,2023-01-26,Phone,4,600,2133.68,West
3044,2023-01-26,Headphones,3,100,263.51,South
3045,2023-01-27,Headphones,1,100,91.36,South
3046,2023-01-27,Tablet,3,400,1205.49,West
3047,2023-01-27,Monitor,2,300,494.87,West
3048,2023-01-28,Headphones,5,100,500.74,North
3049,2023-01-28,Headphones,2,100,185.27,South
3050,2023-01-28,Headphones,4,100,359.86,West
3051,2023-01-28,Monitor,1,300,287.06,East
3052,2023-01-29,Monitor,1,300,305.25,South
3053,2023-01-30,Monitor,1,300,263.5,South
3054,2023-01-30,Headphones,4,100,359.69,West
3055,2023-01-31,Keyboard,1,50,48.88,North
3056,2023-02-01,Laptop,1,800,693.52,South
3057,2023-02-02,Charger,4,25,97.64,North
3058,2023-02-02,Charger,5,25,127.62,East
3059,2023-02-02,Keyboard,2,50,96.94,North
3060,2023-02-02,Tablet,1,400,339.45,South
3061,2023-02-02,Laptop,5,800,3579.26,East
3062,2023-02-03,Keyboard,2,50,91.3,North
3063,2023-02-03,Phone,1,600,521.24,South
3064,2023-02-03,Laptop,3,800,2454.49,South
3065,2023-02-03,Monitor,1,300,296.23,North
3066,2023-02-03,Tablet,2,400,799.39,East
3067,2023-02-03,Phone,3,600,1531.33,South
3068,2023-02-04,Keyboard,2,50,93.81,North
3069,2023-02-04,Laptop,5,800,3930.86,East
3070,2023-02-04,Charger,1,25,20.72,North
3071,2023-02-05,Headphones,3,100,289.63,South
3072,2023-02-06,Phone,5,600,3003.02,East
3073,2023-02-06,Keyboard,5,50,218.95,East
3074,2023-02-06,Headphones,1,100,86.65,South
3075,2023-02-06,Charger,1,25,23.37,West
3076,2023-02-07,Headphones,2,100,206.02,West
3077,2023-02-07,Phone,3,600,1763.45,South
3078,2023-02-07,Tablet,2,400,812.76,East
3079,2023-02-07,Charger,4,25,88.77,South
3080,2023-02-07,Mouse,2,30,54.22,South
3081,2023-02-07,Phone,2,600,1081.49,South
3082,2023-02-07,Monitor,4,300,1027.83,East
3083,2023-02-08,Laptop,2,800,1304.42,West
3084,2023-02-09,Phone,1,600,504.3,South
3085,2023-02-09,Monitor,1,300,259.78,North
3086,2023-02-09,Laptop,1,800,772.46,South
3087,2023-02-10,Phone,3,600,1747.37,East
3088,2023-02-10,Charger,3,25,70.41,South
3089,2023-02-10,Mouse,5,30,154.07,South
3090,2023-02-10,Phone,5,600,2537.02,East
3091,2023-02-10,Mouse,1,30,30.14,North
3092,2023-02-10,Laptop,5,800,4061.55,West
3093,2023-02-10,Laptop,3,800,2285.82,North
3094,2023-02-10,Headphones,4,100,384.14,North
3095,2023-02-12,Tablet,1,400,364.71,East
3096,2023-02-12,Charger,2,25,48.06,North
3097,2023-02-12,Headphones,1,100,98.54,East
3098,2023-02-12,Laptop,3,800,2030.44,East
3099,2023-02-15,Tablet,5,400,1857.86,East
3100,2023-02-15,Keyboard,5,50,218.71,North
3101,2023-02-15,Mouse,4,30,103.91,North
3102,2023-02-15,Mouse,4,30,118.78,West
3103,2023-02-16,Keyboard,1,50,50.79,North
3104,2023-02-16,Charger,4,25,84.53,West
3105,2023-02-16,Laptop,5,800,3892.37,South
3106,2023-02-16,Monitor,1,300,280.93,East
3107,2023-02-16,Headphones,4,100,387.23,East
3108,2023-02-16,Mouse,1,30,27.94,North
3109,2023-02-17,Headphones,3,100,254.56,West
3110,2023-02-17,Tablet,3,400,1181.13,East
3111,2023-02-17,Headphones,5,100,410.56,South
3112,2023-02-17,Phone,5,600,2900.94,West
3113,2023-02-18,Monitor,4,300,1226.08,North
3114,2023-02-18,Keyboard,4,50,174.08,East
3115,2023-02-18,Headphones,5,100,455.0,East
3116,2023-02-19,Keyboard,4,50,170.97,South
3117,2023-02-19,Laptop,2,800,1367.7,West
3118,2023-02-19,Phone,5,600,2874.58,East
3119,2023-02-19,Charger,4,25,91.38,West
3120,2023-02-20,Mouse,2,30,60.91,East
3121,2023-02-21,Headphones,3,100,297.02,East
3122,2023-02-21,Tablet,2,400,675.53,West
3123,2023-02-21,Headphones,2,100,165.65,South
3124,2023-02-21,Keyboard,5,50,249.33,South
3125,2023-02-22,Mouse,2,30,52.04,South
3126,2023-02-22,Phone,4,600,2018.47,West
3127,2023-02-22,Headphones,2,100,169.67,North
3128,2023-02-23,Keyboard,5,50,208.46,East
3129,2023-02-23,Charger,5,25,122.61,North
3130,2023-02-23,Mouse,1,30,24.49,South
3131,2023-02-24,Keyboard,1,50,50.85,East
3132,2023-02-24,Phone,4,600,2227.73,West
3133,2023-02-24,Monitor,1,300,275.56,West
3134,2023-02-24,Monitor,2,300,564.29,North
3135,2023-02-24,Mouse,1,30,27.01,South
3136,2023-02-24,Keyboard,5,50,245.82,North
3137,2023-02-25,Laptop,3,800,2070.99,South
3138,2023-02-25,Keyboard,3,50,148.85,North
3139,2023-02-26,Monitor,1,300,283.53,East
3140,2023-02-27,Laptop,3,800,2460.69,East
3141,2023-02-27,Charger,5,25,113.25,East
3142,2023-02-27,Tablet,5,400,1620.44,West
3143,2023-02-27,Mouse,2,30,55.07,North
3144,2023-02-27,Headphones,4,100,359.41,East
3145,2023-02-27,Mouse,4,30,102.29,East
3146,2023-02-27,Headphones,4,100,376.74,East
3147,2023-02-27,Mouse,1,30,30.75,South
3148,2023-02-28,Charger,1,25,25.26,North
3149,2023-02-28,Tablet,5,400,1697.46,South
3150,2023-02-28,Phone,5,600,2939.76,East
3151,2023-02-28,Headphones,1,100,102.48,West
3152,2023-02-28,Phone,1,600,574.44,North
3153,2023-03-01,Monitor,5,300,1513.86,West
3154,2023-03-01,Tablet,2,400,811.18,West
3155,2023-03-01,Laptop,2,800,1446.04,East
3156,2023-03-01,Keyboard,4,50,198.85,North
3157,2023-03-02,Monitor,3,300,775.47,West
3158,2023-03-03,Mouse,4,30,97.85,South
3159,2023-03-03,Charger,2,25,42.48,West
3160,2023-03-04,Monitor,2,300,514.67,North
3161,2023-03-04,Mouse,1,30,27.92,North
3162,2023-03-04,Keyboard,4,50,193.93,North
3163,2023-03-05,Monitor,2,300,562.12,West
3164,2023-03-05,Keyboard,1,50,43.2,North
3165,2023-03-06,Tablet,3,400,1112.23,South
3166,2023-03-06,Keyboard,1,50,50.18,West
3167,2023-03-06,Mouse,1,30,25.91,South
3168,2023-03-07,Tablet,5,400,1838.48,West
3169,2023-03-07,Phone,5,600,2624.87,East
3170,2023-03-08,Mouse,3,30,83.12,South
3171,2023-03-08,Laptop,1,800,769.79,North
3172,2023-03-08,Laptop,5,800,3711.89,West
3173,2023-03-09,Laptop,4,800,3213.33,East
3174,2023-03-09,Mouse,2,30,59.99,South
3175,2023-03-09,Tablet,3,400,1066.34,East
3176,2023-03-09,Headphones,1,100,96.06,South
3177,2023-03-10,Monitor,3,300,916.87,South
3178,2023-03-10,Phone,4,600,2410.46,North
3179,2023-03-10,Tablet,1,400,392.82,North
3180,2023-03-11,Headphones,1,100,87.3,North
3181,2023-03-11,Tablet,4,400,1320.97,East
3182,2023-03-11,Mouse,1,30,25.28,East
3183,2023-03-11,Monitor,1,300,256.4,East
3184,2023-03-11,Laptop,3,800,2224.08,West
3185,2023-03-11,Laptop,3,800,2293.7,North
3186,2023-03-12,Keyboard,5,50,205.02,North
3187,2023-03-12,Laptop,3,800,2430.95,West
3188,2023-03-12,Headphones,1,100,91.17,West
3189,2023-03-13,Laptop,1,800,786.16,West
3190,2023-03-13,Laptop,4,800,3274.79,East
3191,2023-03-14,Headphones,3,100,261.38,West
3192,2023-03-14,Tablet,2,400,810.13,South
3193,2023-03-14,Tablet,4,400,1438.16,West
3194,2023-03-15,Keyboard,1,50,44.63,South
3195,2023-03-15,Mouse,2,30,58.67,West
3196,2023-03-16,Keyboard,2,50,102.59,South
3197,2023-03-16,Laptop,1,800,699.86,South
3198,2023-03-17,Laptop,1,800,824.01,East
3199,2023-03-17,Keyboard,5,50,214.74,East
3200,2023-03-18,Tablet,1,400,395.58,South
3201,2023-03-19,Laptop,1,800,684.29,South
3202,2023-03-19,Tablet,4,400,1482.58,West
3203,2023-03-19,Mouse,1,30,27.23,West
3204,2023-03-19,Charger,5,25,113.49,North
3205,2023-03-20,Tablet,4,400,1517.55,North
3206,2023-03-20,Monitor,5,300,1471.27,West
3207,2023-03-20,Laptop,4,800,2823.99,East
3208,2023-03-21,Headphones,1,100,99.79,East
3209,2023-03-22,Laptop,4,800,3127.39,East
3210,2023-03-22,Tablet,4,400,1583.84,South
3211,2023-03-22,Tablet,2,400,653.59,North
3212,2023-03-22,Monitor,5,300,1390.88,North
3213,2023-03-23,Keyboard,2,50,100.66,East
3214,2023-03-23,Tablet,1,400,378.2,East
3215,2023-03-23,Charger,5,25,121.87,East
3216,2023-03-24,Mouse,1,30,26.48,East
3217,2023-03-24,Headphones,5,100,488.1,South
3218,2023-03-24,Mouse,3,30,87.11,South
3219,2023-03-25,Headphones,2,100,177.03,East
3220,2023-03-25,Monitor,2,300,593.74,East
3221,2023-03-25,Mouse,1,30,26.68,South
3222,2023-03-25,Keyboard,1,50,48.37,North
3223,2023-03-26,Mouse,5,30,143.64,West
3224,2023-03-26,Monitor,3,300,925.92,North
3225,2023-03-26,Headphones,4,100,398.75,West
3226,2023-03-26,Charger,4,25,82.64,West
3227,2023-03-27,Laptop,2,800,1338.15,South
3228,2023-03-27,Keyboard,4,50,170.3,North
3229,2023-03-27,Charger,4,25,81.99,West
3230,2023-03-27,Charger,2,25,47.34,South
3231,2023-03-28,Phone,1,600,511.15,North
3232,2023-03-29,Monitor,4,300,1025.34,South
3233,2023-03-29,Charger,5,25,116.97,West
3234,2023-03-29,Laptop,3,800,2215.02,West
3235,2023-03-29,Charger,2,25,50.88,South
3236,2023-03-30,Tablet,4,400,1490.74,East
3237,2023-03-30,Headphones,1,100,86.6,West
3238,2023-03-30,Laptop,1,800,803.72,South
3239,2023-03-30,Phone,5,600,2611.7,North
3240,2023-03-30,Headphones,5,100,493.97,South
3241,2023-03-30,Phone,1,600,535.06,East
3242,2023-03-30,Phone,5,600,3003.06,South
3243,2023-03-31,Keyboard,2,50,83.35,South
3244,2023-03-31,Charger,3,25,62.91,West
3245,2023-03-31,Phone,2,600,1049.45,East
3246,2023-03-31,Headphones,3,100,276.09,South
3247,2023-04-01,Phone,3,600,1570.77,East
3248,2023-04-01,Charger,5,25,119.31,West
3249,2023-04-01,Headphones,3,100,289.85,East
3250,2023-04-02,Monitor,5,300,1257.09,West
3251,2023-04-02,Keyboard,5,50,219.97,West
3252,2023-04-02,Tablet,2,400,793.81,East
3253,2023-04-03,Monitor,2,300,527.71,East
3254,2023-04-04,Keyboard,1,50,49.9,North
3255,2023-04-04,Mouse,3,30,85.58,North
3256,2023-04-04,Laptop,2,800,1415.5,West
3257,2023-04-05,Keyboard,1,50,50.08,West
3258,2023-04-05,Monitor,2,300,570.21,West
3259,2023-04-05,Headphones,2,100,169.68,East
3260,2023-04-06,Monitor,2,300,569.75,West
3261,2023-04-06,Keyboard,4,50,182.39,North
3262,2023-04-06,Headphones,5,100,488.87,West
3263,2023-04-06,Headphones,4,100,330.98,West
3264,2023-04-07,Mouse,4,30,109.82,South
3265,2023-04-07,Headphones,4,100,373.6,South
3266,2023-04-08,Headphones,1,100,83.75,South
3267,2023-04-08,Headphones,5,100,439.43,South
3268,2023-04-09,Tablet,5,400,1748.46,North
3269,2023-04-09,Laptop,2,800,1612.27,East
3270,2023-04-09,Laptop,1,800,739.58,East
3271,2023-04-09,Laptop,2,800,1585.87,West
3272,2023-04-10,Charger,1,25,24.06,South
3273,2023-04-10,Keyboard,2,50,85.43,East
3274,2023-04-10,Charger,5,25,116.32,North
3275,2023-04-10,Tablet,5,400,1733.01,West
3276,2023-04-10,Tablet,3,400,1137.95,East
3277,2023-04-10,Laptop,3,800,2101.19,North
3278,2023-04-11,Charger,3,25,70.73,North
3279,2023-04-12,Monitor,2,300,503.44,South
3280,2023-04-12,Laptop,2,800,1509.79,West
3281,2023-04-12,Keyboard,3,50,123.13,North
3282,2023-04-12,Mouse,4,30,118.01,South
3283,2023-04-12,Phone,1,600,512.01,East
3284,2023-04-12,Phone,4,600,2200.71,East
3285,2023-04-12,Mouse,5,30,146.17,South
3286,2023-04-12,Headphones,4,100,348.32,West
3287,2023-04-12,Phone,5,600,2980.6,East
3288,2023-04-13,Charger,3,25,68.05,North
3289,2023-04-13,Keyboard,3,50,153.47,West
3290,2023-04-13,Mouse,4,30,101.79,West
3291,2023-04-14,Mouse,2,30,54.11,West
3292,2023-04-14,Tablet,1,400,377.06,West
3293,2023-04-14,Phone,1,600,541.38,East
3294,2023-04-15,Keyboard,5,50,208.94,East
3295,2023-04-15,Monitor,4,300,1125.66,West
3296,2023-04-15,Monitor,3,300,905.55,East
3297,2023-04-15,Mouse,4,30,100.61,West
3298,2023-04-17,Charger,5,25,101.57,West
3299,2023-04-17,Keyboard,1,50,40.69,North
3300,2023-04-18,Charger,5,25,119.68,South
3301,2023-04-18,Keyboard,1,50,44.24,North
3302,2023-04-19,Phone,3,600,1718.04,West
3303,2023-04-19,Headphones,1,100,102.0,West
3304,2023-04-20,Phone,2,600,1069.79,South
3305,2023-04-20,Phone,4,600,1970.06,East
3306,2023-04-21,Laptop,4,800,3217.77,North
3307,2023-04-21,Tablet,2,400,719.22,North
3308,2023-04-21,Tablet,2,400,712.35,East
3309,2023-04-22,Keyboard,2,50,93.55,South
3310,2023-04-22,Monitor,1,300,252.92,North
3311,2023-04-23,Mouse,2,30,59.28,North
3312,2023-04-23,Keyboard,2,50,83.84,South
3313,2023-04-23,Tablet,1,400,369.59,South
3314,2023-04-23,Charger,4,25,86.21,East
3315,2023-04-23,Laptop,4,800,2714.03,East
3316,2023-04-23,Mouse,5,30,138.32,North
3317,2023-04-24,Phone,3,600,1470.15,East
3318,2023-04-24,Phone,3,600,1588.84,South
3319,2023-04-24,Monitor,4,300,1094.14,South
3320,2023-04-25,Monitor,5,300,1249.58,East
3321,2023-04-25,Phone,1,600,486.62,North
3322,2023-04-25,Phone,1,600,564.36,South
3323,2023-04-26,Monitor,5,300,1216.43,South
3324,2023-04-26,Charger,3,25,71.03,East
3325,2023-04-26,Tablet,2,400,687.71,West
3326,2023-04-26,Mouse,5,30,150.62,West
3327,2023-04-26,Keyboard,1,50,45.27,South
3328,2023-04-27,Laptop,4,800,2628.34,West
3329,2023-04-27,Mouse,4,30,111.92,East
3330,2023-04-27,Laptop,5,800,3939.61,South
3331,2023-04-28,Keyboard,4,50,175.68,South
3332,2023-04-28,Phone,5,600,3057.79,East
3333,2023-04-28,Laptop,4,800,2674.55,East
3334,2023-04-28,Laptop,3,800,1985.28,North
3335,2023-04-28,Keyboard,5,50,216.43,East
3336,2023-04-29,Headphones,4,100,400.37,South
3337,2023-04-29,Headphones,2,100,168.43,East
3338,2023-04-29,Phone,5,600,2756.59,North
3339,2023-04-29,Mouse,1,30,29.9,South
3340,2023-04-29,Keyboard,4,50,185.32,South
3341,2023-04-30,Laptop,4,800,3247.72,North
3342,2023-04-30,Keyboard,2,50,97.79,South
3343,2023-04-30,Monitor,3,300,765.4,North
3344,2023-04-30,Mouse,4,30,120.11,North
3345,2023-04-30,Monitor,1,300,252.47,South
3346,2023-05-01,Laptop,4,800,3031.22,West
3347,2023-05-01,Mouse,1,30,25.72,South
3348,2023-05-01,Keyboard,5,50,218.37,East
3349,2023-05-01,Monitor,2,300,508.15,South
3350,2023-05-02,Laptop,4,800,2968.71,West
3351,2023-05-02,Tablet,2,400,761.2,East
3352,2023-05-02,Keyboard,2,50,81.47,West
3353,2023-05-03,Laptop,2,800,1619.14,West
3354,2023-05-03,Phone,4,600,2088.78,East
3355,2023-05-04,Charger,4,25,94.42,South
3356,2023-05-04,Tablet,1,400,368.74,South
3357,2023-05-04,Monitor,5,300,1324.83,North
3358,2023-05-04,Charger,5,25,123.18,South
3359,2023-05-04,Charger,5,25,115.59,South
3360,2023-05-05,Tablet,5,400,1974.48,West
3361,2023-05-05,Charger,1,25,21.08,West
3362,2023-05-05,Keyboard,2,50,94.72,East
3363,2023-05-05,Charger,3,25,71.4,South
3364,2023-05-06,Tablet,3,400,1223.03,South
3365,2023-05-06,Laptop,4,800,2834.73,West
3366,2023-05-06,Keyboard,2,50,81.32,North
3367,2023-05-07,Headphones,4,100,398.01,South
3368,2023-05-08,Monitor,1,300,254.38,West
3369,2023-05-08,Keyboard,5,50,249.66,West
3370,2023-05-09,Headphones,1,100,91.16,West
3371,2023-05-09,Monitor,3,300,914.28,East
3372,2023-05-09,Monitor,2,300,588.73,East
3373,2023-05-09,Keyboard,3,50,140.85,North
3374,2023-05-10,Tablet,3,400,1182.67,West
3375,2023-05-10,Tablet,4,400,1436.4,North
3376,2023-05-10,Charger,5,25,104.45,East
3377,2023-05-10,Mouse,1,30,24.42,East
3378,2023-05-11,Phone,4,600,2414.48,North
3379,2023-05-11,Tablet,3,400,1118.92,East
3380,2023-05-11,Tablet,3,400,1160.9,East
3381,2023-05-11,Monitor,5,300,1238.26,South
3382,2023-05-11,Mouse,2,30,51.49,North
3383,2023-05-11,Laptop,5,800,3951.43,North
3384,2023-05-11,Charger,2,25,50.4,West
3385,2023-05-11,Headphones,5,100,459.74,North
3386,2023-05-12,Mouse,5,30,144.69,North
3387,2023-05-13,Tablet,1,400,393.62,East
3388,2023-05-13,Keyboard,3,50,134.57,South
3389,2023-05-14,Keyboard,3,50,135.6,West
3390,2023-05-14,Headphones,3,100,279.24,West
3391,2023-05-14,Headphones,3,100,278.33,North
3392,2023-05-14,Headphones,3,100,306.61,East
3393,2023-05-15,Headphones,2,100,170.8,North
3394,2023-05-15,Mouse,5,30,149.91,North
3395,2023-05-15,Monitor,4,300,987.33,South
3396,2023-05-16,Phone,5,600,2544.61,West
3397,2023-05-16,Mouse,3,30,78.16,East
3398,2023-05-16,Charger,5,25,112.85,North
3399,2023-05-16,Charger,5,25,112.9,West
3400,2023-05-17,Mouse,5,30,131.09,East
3401,2023-05-17,Mouse,1,30,28.19,East
3402,2023-05-17,Monitor,2,300,536.74,East
3403,2023-05-18,Monitor,1,300,248.58,South
3404,2023-05-18,Phone,3,600,1664.75,East
3405,2023-05-18,Charger,5,25,107.49,South
3406,2023-05-18,Charger,1,25,20.65,North
3407,2023-05-19,Charger,5,25,113.87,North
3408,2023-05-19,Monitor,4,300,977.03,East
3409,2023-05-20,Phone,1,600,544.43,East
3410,2023-05-20,Laptop,5,800,3710.41,East
3411,2023-05-21,Monitor,1,300,273.31,North
3412,2023-05-21,Tablet,1,400,393.41,West
3413,2023-05-21,Monitor,2,300,580.47,North
3414,2023-05-22,Laptop,4,800,3143.98,North
3415,2023-05-23,Laptop,5,800,3620.68,West
3416,2023-05-23,Laptop,4,800,2789.15,West
3417,2023-05-23,Headphones,4,100,411.05,West
3418,2023-05-23,Tablet,4,400,1645.77,South
3419,2023-05-24,Phone,1,600,486.18,South
3420,2023-05-24,Phone,1,600,493.5,West
3421,2023-05-24,Keyboard,3,50,138.43,North
3422,2023-05-25,Headphones,3,100,296.52,South
3423,2023-05-25,Phone,3,600,1837.9,East
3424,2023-05-25,Headphones,2,100,166.36,South
3425,2023-05-26,Monitor,4,300,1195.02,West
3426,2023-05-26,Keyboard,4,50,162.22,North
3427,2023-05-26,Headphones,3,100,272.81,East
3428,2023-05-26,Mouse,5,30,125.4,West
3429,2023-05-27,Monitor,4,300,1069.7,South
3430,2023-05-27,Headphones,5,100,424.87,West
3431,2023-05-27,Mouse,1,30,27.37,North
3432,2023-05-28,Phone,4,600,2219.78,North
3433,2023-05-28,Monitor,3,300,926.94,East
3434,2023-05-28,Phone,3,600,1796.24,East
3435,2023-05-28,Phone,2,600,1223.15,West
3436,2023-05-29,Tablet,3,400,1051.55,South
3437,2023-05-30,Laptop,4,800,2701.42,North
3438,2023-05-30,Headphones,3,100,253.43,West
3439,2023-05-30,Phone,2,600,1026.03,East
3440,2023-05-30,Laptop,3,800,2302.72,South
3441,2023-05-30,Laptop,1,800,788.63,North
3442,2023-05-30,Phone,1,600,602.49,South
3443,2023-05-31,Monitor,1,300,294.04,East
3444,2023-05-31,Tablet,5,400,1704.18,East
3445,2023-05-31,Mouse,2,30,59.95,South
3446,2023-06-01,Tablet,4,400,1317.01,South
3447,2023-06-01,Headphones,2,100,173.21,East
3448,2023-06-02,Keyboard,2,50,81.42,North
3449,2023-06-02,Keyboard,5,50,221.04,South
3450,2023-06-02,Charger,3,25,73.2,South
3451,2023-06-03,Charger,1,25,24.15,West
3452,2023-06-03,Keyboard,1,50,45.35,West
3453,2023-06-03,Charger,3,25,61.12,North
3454,2023-06-04,Monitor,4,300,1009.85,West
3455,2023-06-04,Tablet,2,400,796.32,East
3456,2023-06-05,Mouse,2,30,54.53,West
3457,2023-06-06,Mouse,3,30,83.69,North
3458,2023-06-06,Tablet,2,400,793.54,West
3459,2023-06-07,Monitor,2,300,513.85,North
3460,2023-06-07,Keyboard,3,50,147.46,South
3461,2023-06-07,Laptop,3,800,2454.28,North
3462,2023-06-07,Headphones,3,100,282.13,West
3463,2023-06-08,Tablet,4,400,1398.78,South
3464,2023-06-08,Keyboard,2,50,96.82,West
3465,2023-06-08,Charger,2,25,40.82,West
3466,2023-06-09,Charger,4,25,83.01,East
3467,2023-06-09,Monitor,5,300,1486.7,South
3468,2023-06-10,Tablet,5,400,1747.26,East
3469,2023-06-10,Phone,5,600,2665.5,North
3470,2023-06-10,Keyboard,3,50,151.49,South
3471,2023-06-11,Phone,3,600,1619.7,South
3472,2023-06-11,Monitor,3,300,867.47,South
3473,2023-06-11,Charger,4,25,82.84,East
3474,2023-06-11,Keyboard,2,50,95.7,East
3475,2023-06-11,Mouse,3,30,84.91,West
3476,2023-06-12,Charger,1,25,20.33,North
3477,2023-06-12,Keyboard,2,50,89.41,South
3478,2023-06-12,Headphones,1,100,85.56,West
3479,2023-06-13,Tablet,5,400,2034.17,South
3480,2023-06-13,Headphones,3,100,306.0,West
3481,2023-06-13,Laptop,1,800,707.25,East
3482,2023-06-13,Mouse,2,30,50.7,North
3483,2023-06-14,Mouse,3,30,76.82,North
3484,2023-06-14,Charger,4,25,81.57,East
3485,2023-06-16,Tablet,1,400,399.6,South
3486,2023-06-16,Headphones,4,100,357.29,West
3487,2023-06-17,Phone,1,600,514.64,West
3488,2023-06-19,Keyboard,4,50,179.64,North
3489,2023-06-19,Charger,5,25,110.51,South
3490,2023-06-19,Phone,2,600,1094.91,West
3491,2023-06-19,Keyboard,2,50,100.41,South
3492,2023-06-20,Headphones,1,100,101.05,North
3493,2023-06-21,Phone,5,600,2818.05,North
3494,2023-06-21,Charger,3,25,71.05,East
3495,2023-06-21,Tablet,2,400,680.38,East
3496,2023-06-22,Phone,1,600,577.36,North
3497,2023-06-22,Headphones,1,100,92.01,North
3498,2023-06-22,Phone,3,600,1478.82,North
3499,2023-06-23,Laptop,5,800,4089.66,North
3500,2023-06-24,Keyboard,2,50,97.75,East
3501,2023-06-24,Tablet,5,400,1920.89,West
3502,2023-06-24,Tablet,4,400,1353.45,East
3503,2023-06-24,Tablet,3,400,985.31,West
3504,2023-06-24,Headphones,5,100,433.64,West
3505,2023-06-25,Laptop,5,800,3567.85,West
3506,2023-06-25,Charger,5,25,120.39,South
3507,2023-06-25,Tablet,2,400,723.65,North
3508,2023-06-25,Mouse,4,30,101.59,South
3509,2023-06-26,Headphones,2,100,174.23,North
3510,2023-06-26,Phone,4,600,2000.65,South
3511,2023-06-26,Mouse,2,30,58.1,South
3512,2023-06-26,Tablet,2,400,752.81,North
3513,2023-06-26,Charger,1,25,20.51,South
3514,2023-06-26,Charger,4,25,94.88,North
3515,2023-06-26,Keyboard,4,50,201.1,East
3516,2023-06-27,Phone,2,600,1212.45,West
3517,2023-06-28,Monitor,3,300,810.9,North
3518,2023-06-29,Phone,4,600,2189.06,South
3519,2023-06-30,Mouse,2,30,59.71,North
3520,2023-06-30,Laptop,3,800,2143.9,South
3521,2023-06-30,Tablet,1,400,375.75,South
3522,2023-06-30,Phone,5,600,2949.23,East
3523,2023-06-30,Laptop,5,800,3824.83,South
3524,2023-07-01,Mouse,5,30,143.77,East
3525,2023-07-01,Charger,4,25,81.93,East
3526,2023-07-01,Headphones,2,100,182.08,East
3527,2023-07-01,Phone,4,600,1973.33,South
3528,2023-07-02,Charger,2,25,40.54,East
3529,2023-07-03,Mouse,2,30,49.37,North
3530,2023-07-03,Mouse,2,30,57.79,North
3531,2023-07-03,Headphones,5,100,475.47,South
3532,2023-07-04,Laptop,4,800,3028.7,North
3533,2023-07-04,Keyboard,4,50,173.23,South
3534,2023-07-04,Laptop,5,800,4080.87,West
3535,2023-07-05,Monitor,5,300,1305.51,East
3536,2023-07-05,Charger,4,25,99.59,South
3537,2023-07-05,Headphones,3,100,246.88,North
3538,2023-07-06,Monitor,4,300,1013.77,East
3539,2023-07-06,Phone,1,600,535.59,East
3540,2023-07-06,Headphones,4,100,388.24,South
3541,2023-07-07,Charger,1,25,25.49,West
3542,2023-07-07,Laptop,4,800,2984.4,East
3543,2023-07-07,Laptop,5,800,4108.17,South
3544,2023-07-07,Tablet,3,400,1098.31,West
3545,2023-07-08,Phone,2,600,1140.43,East
3546,2023-07-08,Charger,5,25,113.09,South
3547,2023-07-08,Laptop,3,800,2001.4,South
3548,2023-07-09,Keyboard,4,50,187.98,East
3549,2023-07-09,Phone,3,600,1664.21,North
3550,2023-07-09,Headphones,5,100,467.9,South
3551,2023-07-10,Headphones,2,100,163.75,South
3552,2023-07-10,Keyboard,5,50,210.88,East
3553,2023-07-10,Phone,5,600,2681.36,West
3554,2023-07-10,Keyboard,4,50,197.11,South
3555,2023-07-10,Mouse,2,30,57.9,South
3556,2023-07-10,Headphones,5,100,494.81,East
3557,2023-07-11,Phone,5,600,2881.3,East
3558,2023-07-11,Phone,3,600,1557.12,West
3559,2023-07-13,Phone,1,600,508.46,North
3560,2023-07-13,Phone,5,600,2510.24,North
3561,2023-07-13,Tablet,3,400,999.87,West
3562,2023-07-14,Laptop,4,800,2619.25,West
3563,2023-07-14,Phone,2,600,1045.89,West
3564,2023-07-14,Monitor,4,300,973.55,East
3565,2023-07-14,Mouse,1,30,30.67,West
3566,2023-07-15,Monitor,5,300,1324.32,North
3567,2023-07-15,Tablet,3,400,984.23,East
3568,2023-07-15,Headphones,1,100,84.24,North
3569,2023-07-15,Monitor,1,300,275.4,West
3570,2023-07-15,Headphones,5,100,431.42,North
3571,2023-07-16,Mouse,1,30,30.79,North
3572,2023-07-16,Headphones,4,100,363.06,East
3573,2023-07-17,Mouse,1,30,26.37,West
3574,2023-07-17,Keyboard,5,50,245.29,North
3575,2023-07-17,Keyboard,5,50,236.62,North
3576,2023-07-17,Mouse,5,30,132.18,West
3577,2023-07-17,Headphones,2,100,192.17,East
3578,2023-07-17,Tablet,5,400,2058.3,East
3579,2023-07-17,Laptop,4,800,3126.47,West
3580,2023-07-18,Charger,5,25,113.87,South
3581,2023-07-18,Keyboard,1,50,49.47,South
3582,2023-07-19,Charger,1,25,25.75,North
3583,2023-07-19,Tablet,4,400,1607.85,West
3584,2023-07-19,Phone,3,600,1532.0,South
3585,2023-07-19,Keyboard,3,50,126.75,North
3586,2023-07-20,Phone,5,600,3053.62,North
3587,2023-07-20,Keyboard,3,50,127.44,North
3588,2023-07-20,Laptop,3,800,2385.47,East
3589,2023-07-20,Phone,2,600,1201.05,West
3590,2023-07-21,Monitor,4,300,1224.3,North
3591,2023-07-21,Monitor,3,300,746.17,South
3592,2023-07-21,Mouse,3,30,83.37,West
3593,2023-07-21,Laptop,2,800,1354.36,East
3594,2023-07-21,Laptop,4,800,2914.66,East
3595,2023-07-22,Keyboard,5,50,253.63,East
3596,2023-07-22,Charger,2,25,40.51,West
3597,2023-07-22,Monitor,2,300,592.63,East
3598,2023-07-22,Headphones,1,100,88.78,South
3599,2023-07-22,Headphones,5,100,483.45,North
3600,2023-07-23,Mouse,1,30,27.14,South
3601,2023-07-23,Laptop,5,800,3616.83,East
3602,2023-07-23,Mouse,1,30,27.32,South
3603,2023-07-24,Phone,3,600,1618.93,North
3604,2023-07-24,Monitor,4,300,1121.64,North
3605,2023-07-25,Monitor,5,300,1518.86,North
3606,2023-07-25,Laptop,4,800,3179.52,East
3607,2023-07-25,Tablet,2,400,804.92,West
3608,2023-07-25,Charger,3,25,70.2,North
3609,2023-07-26,Laptop,2,800,1296.6,North
3610,2023-07-26,Laptop,4,800,2891.41,West
3611,2023-07-26,Mouse,4,30,114.94,South
3612,2023-07-26,Charger,2,25,42.89,South
3613,2023-07-27,Laptop,3,800,2142.04,South
3614,2023-07-27,Monitor,4,300,1179.06,West
3615,2023-07-27,Monitor,1,300,267.64,North
3616,2023-07-28,Laptop,4,800,2993.03,East
3617,2023-07-28,Keyboard,1,50,40.77,West
3618,2023-07-28,Mouse,2,30,51.76,East
3619,2023-07-28,Mouse,1,30,25.69,South
3620,2023-07-28,Phone,1,600,516.58,South
3621,2023-07-29,Headphones,4,100,390.31,North
3622,2023-07-29,Tablet,4,400,1331.28,East
3623,2023-07-30,Phone,2,600,1224.65,South
3624,2023-07-31,Phone,5,600,2796.65,North
3625,2023-07-31,Phone,2,600,1084.54,North
3626,2023-07-31,Tablet,5,400,2059.01,North
3627,2023-07-31,Laptop,3,800,2293.08,North
3628,2023-08-01,Charger,4,25,102.56,South
3629,2023-08-01,Phone,1,600,547.98,East
3630,2023-08-01,Phone,1,600,550.26,West
3631,2023-08-02,Phone,3,600,1809.55,East
3632,2023-08-02,Monitor,1,300,306.18,North
3633,2023-08-03,Phone,5,600,2557.08,South
3634,2023-08-03,Monitor,4,300,980.41,East
3635,2023-08-03,Tablet,5,400,1708.54,North
3636,2023-08-04,Charger,3,25,64.84,South
3637,2023-08-05,Mouse,5,30,124.09,East
3638,2023-08-05,Mouse,1,30,26.68,East
3639,2023-08-06,Keyboard,3,50,139.65,South
3640,2023-08-06,Tablet,2,400,690.52,East
3641,2023-08-06,Tablet,2,400,755.6,North
3642,2023-08-07,Headphones,5,100,407.27,North
3643,2023-08-07,Phone,2,600,1013.9,North
3644,2023-08-07,Charger,2,25,48.53,South
3645,2023-08-07,Phone,4,600,2393.6,East
3646,2023-08-07,Keyboard,3,50,152.4,East
3647,2023-08-07,Laptop,2,800,1569.47,North
3648,2023-08-07,Charger,1,25,21.66,West
3649,2023-08-08,Monitor,3,300,732.0,West
3650,2023-08-08,Headphones,3,100,285.95,East
3651,2023-08-09,Keyboard,2,50,86.05,West
3652,2023-08-09,Charger,2,25,50.48,East
3653,2023-08-10,Mouse,5,30,122.46,East
3654,2023-08-10,Keyboard,4,50,168.92,East
3655,2023-08-11,Monitor,3,300,747.22,South
3656,2023-08-11,Keyboard,1,50,41.7,North
3657,2023-08-11,Charger,1,25,22.75,South
3658,2023-08-12,Charger,5,25,104.2,South
3659,2023-08-12,Tablet,5,400,1770.35,North
3660,2023-08-12,Charger,3,25,63.65,South
3661,2023-08-12,Tablet,2,400,821.67,East
3662,2023-08-13,Phone,4,600,2300.71,South
3663,2023-08-13,Laptop,4,800,2896.95,East
3664,2023-08-13,Monitor,3,300,737.35,East
3665,2023-08-14,Charger,1,25,24.29,North
3666,2023-08-15,Monitor,3,300,835.46,North
3667,2023-08-15,Mouse,2,30,59.76,East
3668,2023-08-15,Charger,2,25,48.64,North
3669,2023-08-16,Phone,1,600,497.79,East
3670,2023-08-16,Mouse,1,30,24.96,South
3671,2023-08-17,Phone,5,600,2676.09,South
3672,2023-08-17,Monitor,4,300,1157.89,West
3673,2023-08-17,Monitor,4,300,1217.14,East
3674,2023-08-17,Monitor,2,300,505.23,South
3675,2023-08-18,Tablet,3,400,1175.47,South
3676,2023-08-19,Mouse,4,30,121.03,East
3677,2023-08-19,Monitor,5,300,1491.41,North
3678,2023-08-19,Charger,2,25,49.49,West
3679,2023-08-19,Headphones,2,100,173.13,West
3680,2023-08-20,Phone,3,600,1835.53,North
3681,2023-08-20,Phone,3,600,1664.72,East
3682,2023-08-20,Mouse,3,30,89.83,South
3683,2023-08-20,Tablet,1,400,358.18,East
3684,2023-08-20,Laptop,2,800,1536.31,South
3685,2023-08-20,Laptop,2,800,1296.67,East
3686,2023-08-21,Tablet,3,400,1007.74,East
3687,2023-08-22,Headphones,3,100,304.67,North
3688,2023-08-24,Monitor,1,300,265.86,East
3689,2023-08-24,Mouse,3,30,80.77,North
3690,2023-08-25,Charger,5,25,110.87,East
3691,2023-08-25,Headphones,4,100,402.44,West
3692,2023-08-25,Phone,5,600,2932.79,East
3693,2023-08-25,Charger,5,25,116.84,North
3694,2023-08-25,Monitor,2,300,546.03,West
3695,2023-08-26,Charger,2,25,47.61,South
3696,2023-08-26,Tablet,2,400,811.26,South
3697,2023-08-26,Laptop,1,800,820.97,South
3698,2023-08-27,Laptop,4,800,3217.47,West
3699,2023-08-28,Keyboard,4,50,202.38,West
3700,2023-08-28,Monitor,4,300,1116.22,South
3701,2023-08-29,Headphones,2,100,194.1,East
3702,2023-08-29,Monitor,3,300,843.31,West
3703,2023-08-29,Headphones,5,100,416.75,North
3704,2023-08-29,Monitor,2,300,490.75,South
3705,2023-08-31,Charger,5,25,109.11,North
3706,2023-08-31,Laptop,5,800,3694.37,East
3707,2023-08-31,Charger,5,25,103.0,East
3708,2023-08-31,Laptop,3,800,2193.84,North
3709,2023-08-31,Charger,4,25,101.47,East
3710,2023-08-31,Headphones,2,100,197.46,South
3711,2023-08-31,Keyboard,1,50,44.5,South
3712,2023-09-01,Tablet,3,400,1114.88,East
3713,2023-09-01,Mouse,4,30,105.66,East
3714,2023-09-01,Tablet,5,400,1662.2,North
3715,2023-09-02,Laptop,1,800,730.56,East
3716,2023-09-02,Phone,5,600,3084.49,East
3717,2023-09-02,Mouse,4,30,105.38,North
3718,2023-09-02,Phone,2,600,971.84,South
3719,2023-09-03,Mouse,1,30,26.62,East
3720,2023-09-03,Tablet,1,400,335.93,West
3721,2023-09-03,Tablet,5,400,2038.45,South
3722,2023-09-04,Mouse,5,30,130.66,East
3723,2023-09-04,Monitor,2,300,510.58,East
3724,2023-09-04,Monitor,1,300,277.44,West
3725,2023-09-04,Monitor,4,300,1080.12,South
3726,2023-09-04,Monitor,1,300,246.78,East
3727,2023-09-05,Laptop,5,800,3416.55,East
3728,2023-09-06,Laptop,4,800,2783.11,West
3729,2023-09-06,Tablet,3,400,1032.23,East
3730,2023-09-07,Tablet,3,400,1150.15,South
3731,2023-09-07,Headphones,3,100,268.39,South
3732,2023-09-07,Headphones,4,100,349.52,North
3733,2023-09-08,Charger,2,25,42.73,West
3734,2023-09-08,Tablet,3,400,1087.43,North
3735,2023-09-10,Monitor,4,300,1085.1,South
3736,2023-09-10,Phone,3,600,1660.06,South
3737,2023-09-10,Mouse,5,30,139.48,East
3738,2023-09-11,Tablet,4,400,1625.59,West
3739,2023-09-11,Charger,5,25,104.73,North
3740,2023-09-11,Headphones,5,100,463.55,North
3741,2023-09-11,Keyboard,4,50,181.47,East
3742,2023-09-12,Laptop,2,800,1613.42,North
3743,2023-09-13,Phone,5,600,2541.62,North
3744,2023-09-13,Mouse,2,30,54.18,South
3745,2023-09-13,Phone,2,600,1108.15,North
3746,2023-09-15,Laptop,5,800,3679.2,West
3747,2023-09-15,Phone,5,600,3064.81,East
3748,2023-09-15,Headphones,5,100,430.12,East
3749,2023-09-15,Headphones,2,100,165.23,North
3750,2023-09-16,Mouse,2,30,59.57,East
3751,2023-09-16,Phone,4,600,2080.69,North
3752,2023-09-17,Keyboard,2,50,101.87,West
3753,2023-09-17,Charger,3,25,76.82,East
3754,2023-09-17,Tablet,3,400,1087.48,North
3755,2023-09-17,Laptop,5,800,3580.99,North
3756,2023-09-17,Charger,5,25,120.48,East
3757,2023-09-17,Tablet,2,400,649.63,West
3758,2023-09-18,Keyboard,3,50,137.96,West
3759,2023-09-19,Mouse,2,30,53.73,East
3760,2023-09-19,Keyboard,4,50,178.97,North
3761,2023-09-19,Monitor,3,300,921.7,West
3762,2023-09-21,Phone,5,600,2600.96,East
3763,2023-09-21,Laptop,1,800,654.52,East
3764,2023-09-22,Laptop,1,800,791.17,East
3765,2023-09-22,Mouse,2,30,57.85,East
3766,2023-09-23,Phone,2,600,1114.34,East
3767,2023-09-23,Mouse,1,30,28.69,North
3768,2023-09-25,Phone,2,600,990.8,East
3769,2023-09-25,Mouse,5,30,121.94,East
3770,2023-09-26,Tablet,1,400,329.67,South
3771,2023-09-26,Laptop,3,800,2051.06,North
3772,2023-09-26,Charger,4,25,84.65,West
3773,2023-09-26,Laptop,3,800,2253.35,East
3774,2023-09-27,Monitor,2,300,574.22,West
3775,2023-09-27,Headphones,5,100,436.47,East
3776,2023-09-28,Headphones,4,100,392.87,North
3777,2023-09-28,Phone,1,600,505.51,North
3778,2023-09-28,Charger,1,25,22.45,South
3779,2023-09-28,Tablet,1,400,367.5,North
3780,2023-09-29,Charger,3,25,61.96,East
3781,2023-09-29,Keyboard,2,50,81.86,East
3782,2023-09-29,Headphones,3,100,303.8,North
3783,2023-09-29,Laptop,4,800,3273.26,East
3784,2023-09-29,Tablet,5,400,1964.39,West
3785,2023-10-01,Tablet,4,400,1483.55,West
3786,2023-10-01,Phone,2,600,1036.61,South
3787,2023-10-01,Phone,5,600,2802.79,North
3788,2023-10-02,Charger,4,25,102.85,North
3789,2023-10-02,Monitor,5,300,1322.73,West
3790,2023-10-02,Headphones,5,100,508.57,West
3791,2023-10-03,Headphones,5,100,414.03,South
3792,2023-10-03,Mouse,4,30,118.45,West
3793,2023-10-03,Charger,4,25,87.13,North
3794,2023-10-03,Headphones,3,100,246.67,North
3795,2023-10-04,Mouse,2,30,48.92,South
3796,2023-10-04,Laptop,4,800,2985.0,South
3797,2023-10-04,Laptop,4,800,2938.81,South
3798,2023-10-05,Keyboard,5,50,213.18,West
3799,2023-10-05,Monitor,1,300,260.39,North
3800,2023-10-05,Charger,1,25,21.02,West
3801,2023-10-06,Mouse,1,30,28.31,East
3802,2023-10-06,Keyboard,5,50,206.15,South
3803,2023-10-06,Phone,4,600,2180.22,South
3804,2023-10-07,Charger,4,25,81.82,West
3805,2023-10-07,Laptop,4,800,3097.41,East
3806,2023-10-07,Tablet,5,400,1985.61,West
3807,2023-10-08,Tablet,4,400,1510.39,East
3808,2023-10-08,Tablet,2,400,658.17,North
3809,2023-10-08,Phone,4,600,2442.23,West
3810,2023-10-08,Phone,5,600,2597.81,North
3811,2023-10-09,Headphones,4,100,324.13,North
3812,2023-10-09,Monitor,5,300,1241.41,West
3813,2023-10-09,Charger,2,25,49.73,East
3814,2023-10-09,Mouse,5,30,145.49,North
3815,2023-10-09,Monitor,2,300,539.58,East
3816,2023-10-10,Headphones,3,100,249.53,West
3817,2023-10-11,Laptop,2,800,1330.82,North
3818,2023-10-11,Keyboard,5,50,210.34,South
3819,2023-10-11,Phone,3,600,1727.94,East
3820,2023-10-12,Mouse,4,30,122.88,East
3821,2023-10-12,Headphones,5,100,409.71,North
3822,2023-10-13,Mouse,3,30,79.19,East
3823,2023-10-13,Charger,5,25,113.2,West
3824,2023-10-13,Keyboard,4,50,189.54,East
3825,2023-10-14,Phone,5,600,2531.0,West
3826,2023-10-15,Tablet,2,400,739.53,West
3827,2023-10-15,Headphones,1,100,94.32,North
3828,2023-10-15,Keyboard,3,50,137.46,West
3829,2023-10-15,Mouse,2,30,56.81,North
3830,2023-10-15,Tablet,4,400,1581.07,East
3831,2023-10-15,Headphones,3,100,246.85,South
3832,2023-10-15,Tablet,1,400,384.76,North
3833,2023-10-16,Mouse,5,30,147.6,West
3834,2023-10-16,Charger,4,25,89.1,North
3835,2023-10-16,Charger,4,25,102.84,West
3836,2023-10-17,Charger,4,25,94.57,West
3837,2023-10-17,Mouse,2,30,49.74,West
3838,2023-10-18,Charger,2,25,40.56,West
3839,2023-10-18,Phone,4,600,2456.49,West
3840,2023-10-18,Laptop,4,800,2746.17,North
3841,2023-10-18,Keyboard,3,50,144.25,North
3842,2023-10-18,Tablet,1,400,337.17,South
3843,2023-10-18,Tablet,4,400,1416.81,South
3844,2023-10-19,Monitor,3,300,804.44,South
3845,2023-10-19,Monitor,4,300,1030.54,South
3846,2023-10-20,Phone,1,600,488.79,South
3847,2023-10-20,Headphones,2,100,195.12,South
3848,2023-10-20,Charger,1,25,22.04,South
3849,2023-10-21,Keyboard,1,50,48.97,South
3850,2023-10-21,Monitor,1,300,257.16,North
3851,2023-10-21,Charger,5,25,110.59,South
3852,2023-10-21,Laptop,3,800,2433.37,East
3853,2023-10-23,Headphones,5,100,502.23,South
3854,2023-10-23,Phone,2,600,1004.99,East
3855,2023-10-24,Keyboard,5,50,249.3,North
3856,2023-10-24,Tablet,4,400,1473.57,North
3857,2023-10-24,Monitor,2,300,596.71,North
3858,2023-10-24,Monitor,5,300,1527.65,South
3859,2023-10-25,Phone,5,600,2938.57,South
3860,2023-10-25,Keyboard,3,50,149.99,West
3861,2023-10-25,Mouse,1,30,29.56,East
3862,2023-10-26,Phone,4,600,2283.29,South
3863,2023-10-27,Phone,5,600,2825.65,South
3864,2023-10-28,Phone,1,600,532.39,East
3865,2023-10-28,Laptop,1,800,706.78,East
3866,2023-10-28,Phone,3,600,1721.18,South
3867,2023-10-28,Monitor,2,300,585.98,East
3868,2023-10-29,Phone,2,600,1201.59,North
3869,2023-10-29,Keyboard,4,50,204.51,West
3870,2023-10-29,Keyboard,4,50,181.24,West
3871,2023-10-29,Mouse,2,30,53.95,North
3872,2023-10-30,Charger,3,25,74.0,East
3873,2023-10-30,Tablet,4,400,1537.41,North
3874,2023-10-30,Phone,2,600,1143.5,North
3875,2023-10-30,Tablet,2,400,727.04,West
3876,2023-10-30,Headphones,2,100,194.9,North
3877,2023-10-30,Phone,4,600,2425.66,North
3878,2023-10-31,Tablet,4,400,1352.85,South
3879,2023-10-31,Headphones,2,100,182.83,East
3880,2023-10-31,Headphones,2,100,188.02,North
3881,2023-10-31,Charger,4,25,85.29,North
3882,2023-10-31,Tablet,1,400,379.56,South
3883,2023-10-31,Phone,3,600,1503.79,South
3884,2023-11-01,Charger,1,25,27.44,North
3885,2023-11-01,Phone,1,600,668.89,East
3886,2023-11-01,Laptop,2,800,1950.77,West
3887,2023-11-01,Laptop,5,800,3990.04,North
3888,2023-11-02,Laptop,5,800,4683.83,South
3889,2023-11-02,Phone,3,600,1927.86,South
3890,2023-11-03,Charger,3,25,79.91,East
3891,2023-11-03,Laptop,5,800,3951.28,South
3892,2023-11-03,Monitor,3,300,1015.88,South
3893,2023-11-03,Tablet,3,400,1327.14,North
3894,2023-11-04,Phone,2,600,1348.84,East
3895,2023-11-04,Tablet,4,400,1961.69,North
3896,2023-11-04,Laptop,3,800,2603.01,West
3897,2023-11-04,Charger,1,25,25.23,East
3898,2023-11-04,Laptop,1,800,882.49,West
3899,2023-11-05,Charger,5,25,146.28,North
3900,2023-11-06,Phone,5,600,2933.38,South
3901,2023-11-06,Charger,4,25,116.32,South
3902,2023-11-06,Charger,5,25,132.93,West
3903,2023-11-07,Mouse,1,30,33.18,East
3904,2023-11-07,Keyboard,4,50,221.79,North
3905,2023-11-07,Mouse,5,30,174.28,West
3906,2023-11-08,Laptop,3,800,2493.01,East
3907,2023-11-08,Mouse,1,30,30.3,East
3908,2023-11-09,Keyboard,1,50,50.97,North
3909,2023-11-09,Charger,4,25,107.32,West
3910,2023-11-09,Keyboard,4,50,237.07,East
3911,2023-11-10,Phone,1,600,644.94,West
3912,2023-11-10,Charger,3,25,74.46,East
3913,2023-11-10,Monitor,3,300,919.55,East
3914,2023-11-10,Tablet,4,400,1565.29,West
3915,2023-11-10,Headphones,5,100,551.56,East
3916,2023-11-10,Tablet,2,400,970.46,East
3917,2023-11-11,Headphones,5,100,521.38,North
3918,2023-11-11,Phone,3,600,2004.68,South
3919,2023-11-12,Tablet,4,400,1671.34,East
3920,2023-11-13,Mouse,2,30,58.79,South
3921,2023-11-14,Charger,2,25,53.77,East
3922,2023-11-14,Keyboard,4,50,215.07,East
3923,2023-11-15,Laptop,1,800,987.07,North
3924,2023-11-15,Mouse,3,30,94.23,West
3925,2023-11-16,Charger,5,25,148.2,North
3926,2023-11-16,Charger,5,25,151.76,South
3927,2023-11-16,Monitor,1,300,353.95,East
3928,2023-11-17,Keyboard,5,50,244.53,West
3929,2023-11-17,Headphones,1,100,106.91,South
3930,2023-11-17,Phone,3,600,2046.37,East
3931,2023-11-17,Keyboard,1,50,59.9,West
3932,2023-11-18,Phone,2,600,1376.15,East
3933,2023-11-18,Mouse,2,30,65.47,South
3934,2023-11-18,Tablet,3,400,1431.23,West
3935,2023-11-19,Laptop,1,800,942.13,West
3936,2023-11-19,Laptop,3,800,2850.09,East
3937,2023-11-19,Phone,3,600,1794.08,East
3938,2023-11-19,Monitor,4,300,1253.33,South
3939,2023-11-20,Laptop,4,800,3295.02,East
3940,2023-11-20,Tablet,3,400,1175.3,North
3941,2023-11-20,Monitor,5,300,1686.73,North
3942,2023-11-21,Phone,1,600,647.48,South
3943,2023-11-22,Charger,4,25,120.06,South
3944,2023-11-23,Monitor,5,300,1555.92,North
3945,2023-11-24,Keyboard,2,50,112.69,West
3946,2023-11-24,Charger,2,25,58.17,South
3947,2023-11-24,Charger,2,25,57.16,North
3948,2023-11-25,Charger,4,25,101.76,East
3949,2023-11-25,Monitor,1,300,338.32,South
3950,2023-11-25,Phone,5,600,3009.93,South
3951,2023-11-26,Laptop,2,800,1843.7,North
3952,2023-11-26,Keyboard,5,50,249.25,South
3953,2023-11-26,Mouse,4,30,121.34,West
3954,2023-11-26,Monitor,5,300,1506.3,South
3955,2023-11-27,Mouse,4,30,122.16,East
3956,2023-11-28,Monitor,4,300,1285.06,South
3957,2023-11-28,Laptop,5,800,4756.96,West
3958,2023-11-28,Tablet,1,400,444.95,East
3959,2023-11-30,Monitor,4,300,1273.46,West
3960,2023-11-30,Phone,3,600,2119.14,North
3961,2023-12-01,Laptop,1,800,914.28,South
3962,2023-12-01,Phone,3,600,2021.87,East
3963,2023-12-01,Keyboard,4,50,216.45,West
3964,2023-12-01,Laptop,2,800,1881.91,North
3965,2023-12-01,Keyboard,5,50,264.34,East
3966,2023-12-01,Headphones,3,100,361.45,South
3967,2023-12-01,Phone,3,600,2083.76,West
3968,2023-12-02,Phone,5,600,3120.93,West
3969,2023-12-02,Headphones,5,100,586.48,South
3970,2023-12-03,Keyboard,1,50,61.76,East
3971,2023-12-03,Tablet,3,400,1400.83,West
3972,2023-12-03,Keyboard,3,50,172.43,South
3973,2023-12-03,Charger,5,25,123.94,West
3974,2023-12-03,Tablet,5,400,2344.2,South
3975,2023-12-04,Phone,2,600,1223.2,East
3976,2023-12-04,Headphones,5,100,591.67,West
3977,2023-12-05,Laptop,5,800,3918.44,West
3978,2023-12-05,Monitor,1,300,320.57,West
3979,2023-12-06,Laptop,4,800,3303.23,West
3980,2023-12-06,Tablet,2,400,789.76,South
3981,2023-12-06,Keyboard,2,50,119.88,North
3982,2023-12-07,Phone,2,600,1179.41,West
3983,2023-12-07,Monitor,5,300,1617.14,West
3984,2023-12-07,Monitor,3,300,1029.06,East
3985,2023-12-08,Tablet,3,400,1232.77,West
3986,2023-12-08,Keyboard,5,50,249.62,East
3987,2023-12-08,Phone,1,600,640.89,West
3988,2023-12-08,Keyboard,3,50,171.59,East
3989,2023-12-08,Laptop,1,800,787.42,South
3990,2023-12-08,Headphones,2,100,239.76,South
3991,2023-12-09,Charger,1,25,27.3,East
3992,2023-12-10,Phone,5,600,3466.78,East
3993,2023-12-10,Tablet,2,400,946.23,North
3994,2023-12-10,Tablet,5,400,2424.13,West
3995,2023-12-11,Tablet,1,400,403.6,South
3996,2023-12-12,Monitor,2,300,596.61,West
3997,2023-12-13,Charger,5,25,128.6,West
3998,2023-12-15,Monitor,3,300,1071.07,North
3999,2023-12-15,Charger,1,25,24.32,West
4000,2023-12-15,Phone,5,600,3131.92,West
4001,2023-12-15,Headphones,5,100,544.22,East
4002,2023-12-15,Charger,1,25,27.29,North
4003,2023-12-15,Charger,5,25,150.42,East
4004,2023-12-16,Charger,1,25,26.17,South
4005,2023-12-16,Keyboard,4,50,197.16,North
4006,2023-12-16,Phone,5,600,3104.21,South
4007,2023-12-17,Laptop,4,800,3221.6,East
4008,2023-12-17,Mouse,2,30,69.31,West
4009,2023-12-17,Charger,2,25,49.49,South
4010,2023-12-17,Charger,3,25,84.61,West
4011,2023-12-17,Laptop,4,800,3200.88,South
4012,2023-12-17,Keyboard,4,50,208.92,North
4013,2023-12-18,Mouse,3,30,100.92,East
4014,2023-12-18,Mouse,3,30,97.09,East
4015,2023-12-18,Phone,4,600,2964.17,East
4016,2023-12-19,Tablet,3,400,1226.22,South
4017,2023-12-19,Charger,1,25,29.81,South
4018,2023-12-19,Tablet,1,400,438.96,West
4019,2023-12-19,Headphones,2,100,219.78,East
4020,2023-12-19,Laptop,4,800,3391.93,South
4021,2023-12-20,Charger,5,25,123.46,South
4022,2023-12-20,Laptop,5,800,4330.92,West
4023,2023-12-20,Monitor,4,300,1219.07,North
4024,2023-12-21,Headphones,4,100,493.04,East
4025,2023-12-21,Phone,5,600,3241.19,East
4026,2023-12-22,Mouse,4,30,119.5,East
4027,2023-12-22,Headphones,5,100,566.57,South
4028,2023-12-22,Tablet,3,400,1354.55,East
4029,2023-12-22,Tablet,1,400,425.84,North
4030,2023-12-22,Laptop,4,800,3244.75,East
4031,2023-12-23,Tablet,5,400,2234.26,North
4032,2023-12-23,Laptop,3,800,2956.44,South
4033,2023-12-23,Keyboard,1,50,52.33,South
4034,2023-12-23,Tablet,1,400,432.42,East
4035,2023-12-24,Mouse,4,30,117.24,West
4036,2023-12-24,Keyboard,3,50,154.75,West
4037,2023-12-25,Laptop,1,800,886.32,East
4038,2023-12-25,Mouse,5,30,153.28,South
4039,2023-12-25,Laptop,3,800,2964.1,South
4040,2023-12-25,Tablet,4,400,1562.48,South
4041,2023-12-25,Charger,2,25,52.1,South
4042,2023-12-25,Monitor,1,300,344.96,South
4043,2023-12-25,Tablet,2,400,798.2,North
4044,2023-12-25,Mouse,1,30,36.12,West
4045,2023-12-27,Headphones,2,100,235.26,East
4046,2023-12-27,Headphones,1,100,109.43,West
4047,2023-12-27,Mouse,2,30,58.88,South
4048,2023-12-27,Tablet,5,400,1999.82,North
4049,2023-12-28,Tablet,3,400,1253.51,South
4050,2023-12-28,Tablet,1,400,490.74,South
4051,2024-01-01,Headphones,1,100,100.0,South
4052,2024-01-01,Laptop,3,800,2400.0,East
4053,2024-01-02,Phone,2,600,1200.0,West
4054,2024-01-02,Laptop,1,800,800.0,North
4055,2024-01-03,Headphones,2,100,200.0,North
4056,2024-01-03,Headphones,3,100,300.0,West
4057,2024-01-03,Headphones,2,100,200.0,East
4058,2024-01-04,Tablet,3,400,1200.0,West
4059,2024-01-04,Keyboard,1,50,50.0,South
4060,2024-01-05,Keyboard,2,50,100.0,East
4061,2024-01-05,Monitor,1,300,300.0,East
4062,2024-01-05,Keyboard,1,50,50.0,North
4063,2024-01-06,Charger,2,25,50.0,North
4064,2024-01-06,Monitor,1,300,300.0,East
4065,2024-01-07,Headphones,3,100,300.0,North
4066,2024-01-07,Laptop,3,800,2400.0,South
4067,2024-01-07,Mouse,1,30,30.0,South
4068,2024-01-07,Phone,2,600,1200.0,East
4069,2024-01-08,Monitor,1,300,300.0,South
4070,2024-01-08,Phone,2,600,1200.0,South
4071,2024-01-08,Headphones,1,100,100.0,West
4072,2024-01-08,Keyboard,1,50,50.0,East
4073,2024-01-08,Keyboard,1,50,50.0,East
4074,2024-01-09,Keyboard,2,50,100.0,East
4075,2024-01-09,Phone,1,600,600.0,East
4076,2024-01-09,Headphones,3,100,300.0,West
4077,2024-01-10,Charger,1,25,25.0,East
4078,2024-01-10,Tablet,1,400,400.0,East
4079,2024-01-10,Monitor,2,300,600.0,West
4080,2024-01-10,Keyboard,1,50,50.0,South
4081,2024-01-10,Charger,1,25,25.0,North
4082,2024-01-11,Tablet,3,400,1200.0,South
4083,2024-01-11,Monitor,2,300,600.0,North
4084,2024-01-12,Keyboard,1,50,50.0,East
4085,2024-01-12,Phone,3,600,1800.0,East
4086,2024-01-12,Monitor,1,300,300.0,West
4087,2024-01-12,Monitor,2,300,600.0,West
4088,2024-01-12,Mouse,2,30,60.0,North
4089,2024-01-13,Mouse,2,30,60.0,South
4090,2024-01-13,Phone,3,600,1800.0,East
4091,2024-01-14,Tablet,1,400,400.0,South
4092,2024-01-14,Laptop,2,800,1600.0,East
4093,2024-01-14,Charger,1,25,25.0,North
4094,2024-01-15,Phone,2,600,1200.0,South
4095,2024-01-15,Phone,3,600,1800.0,West
4096,2024-01-15,Mouse,1,30,30.0,North
4097,2024-01-15,Headphones,2,100,200.0,North
4098,2024-01-16,Charger,2,25,50.0,South
4099,2024-01-16,Mouse,2,30,60.0,West
4100,2024-01-16,Headphones,2,100,200.0,South
4101,2024-01-17,Phone,1,600,600.0,North
4102,2024-01-17,Monitor,3,300,900.0,East
4103,2024-01-17,Charger,2,25,50.0,West
4104,2024-01-17,Phone,1,600,600.0,South
4105,2024-01-18,Laptop,1,800,800.0,North
4106,2024-01-18,Laptop,1,800,800.0,North
4107,2024-01-18,Headphones,1,100,100.0,North
4108,2024-01-19,Mouse,3,30,90.0,West
4109,2024-01-19,Headphones,2,100,200.0,South
4110,2024-01-19,Charger,1,25,25.0,West
4111,2024-01-20,Keyboard,1,50,50.0,South
4112,2024-01-20,Phone,1,600,600.0,West
4113,2024-01-20,Headphones,1,100,100.0,North
4114,2024-01-20,Monitor,1,300,300.0,West
4115,2024-01-20,Monitor,2,300,600.0,North
4116,2024-01-21,Headphones,2,100,200.0,West
4117,2024-01-21,Tablet,2,400,800.0,South
4118,2024-01-21,Mouse,2,30,60.0,South
4119,2024-01-22,Charger,2,25,50.0,North
4120,2024-01-22,Laptop,3,800,2400.0,North
4121,2024-01-23,Headphones,1,100,100.0,West
4122,2024-01-23,Charger,2,25,50.0,South
4123,2024-01-24,Charger,1,25,25.0,South
4124,2024-01-24,Charger,1,25,25.0,West
4125,2024-01-24,Mouse,1,30,30.0,North
4126,2024-01-24,Laptop,1,800,800.0,West
4127,2024-01-24,Laptop,2,800,1600.0,East
4128,2024-01-25,Keyboard,1,50,50.0,North
4129,2024-01-25,Charger,2,25,50.0,South
4130,2024-01-26,Phone,1,600,600.0,North
4131,2024-01-26,Phone,3,600,1800.0,South
4132,2024-01-27,Phone,2,600,1200.0,South
4133,2024-01-27,Laptop,2,800,1600.0,North
4134,2024-01-27,Monitor,3,300,900.0,East
4135,2024-01-27,Mouse,1,30,30.0,East
4136,2024-01-27,Headphones,1,100,100.0,West
4137,2024-01-28,Mouse,2,30,60.0,East
4138,2024-01-28,Phone,1,600,600.0,West
4139,2024-01-28,Phone,1,600,600.0,South
4140,2024-02-01,Laptop,3,800,2400.0,East
4141,2024-02-01,Tablet,2,400,800.0,East
4142,2024-02-01,Headphones,1,100,100.0,East
4143,2024-02-01,Tablet,1,400,400.0,North
4144,2024-02-02,Tablet,1,400,400.0,North
4145,2024-02-02,Phone,3,600,1800.0,South
4146,2024-02-03,Phone,3,600,1800.0,West
4147,2024-02-03,Mouse,2,30,60.0,South
4148,2024-02-03,Keyboard,1,50,50.0,East
4149,2024-02-03,Charger,1,25,25.0,North
4150,2024-02-04,Monitor,2,300,600.0,North
4151,2024-02-04,Tablet,3,400,1200.0,West
4152,2024-02-04,Tablet,3,400,1200.0,East
4153,2024-02-04,Laptop,1,800,800.0,East
4154,2024-02-05,Phone,3,600,1800.0,South
4155,2024-02-05,Laptop,1,800,800.0,South
4156,2024-02-06,Tablet,1,400,400.0,East
4157,2024-02-06,Keyboard,1,50,50.0,East
4158,2024-02-06,Headphones,3,100,300.0,South
4159,2024-02-06,Phone,1,600,600.0,West
4160,2024-02-06,Tablet,1,400,400.0,South
4161,2024-02-07,Mouse,1,30,30.0,North
4162,2024-02-07,Keyboard,2,50,100.0,South
4163,2024-02-08,Laptop,2,800,1600.0,South
4164,2024-02-08,Headphones,2,100,200.0,East
4165,2024-02-08,Mouse,1,30,30.0,South
4166,2024-02-08,Laptop,3,800,2400.0,South
4167,2024-02-08,Monitor,1,300,300.0,East
4168,2024-02-09,Mouse,1,30,30.0,West
4169,2024-02-09,Keyboard,1,50,50.0,North
4170,2024-02-10,Monitor,2,300,600.0,North
4171,2024-02-10,Keyboard,3,50,150.0,East
4172,2024-02-10,Tablet,2,400,800.0,East
4173,2024-02-10,Laptop,1,800,800.0,West
4174,2024-02-11,Headphones,1,100,100.0,North
4175,2024-02-11,Monitor,1,300,300.0,South
4176,2024-02-11,Keyboard,2,50,100.0,North
4177,2024-02-11,Keyboard,2,50,100.0,East
4178,2024-02-11,Phone,3,600,1800.0,East
4179,2024-02-12,Monitor,1,300,300.0,West
4180,2024-02-12,Mouse,2,30,60.0,South
4181,2024-02-12,Headphones,2,100,200.0,West
4182,2024-02-12,Tablet,2,400,800.0,East
4183,2024-02-13,Tablet,3,400,1200.0,North
4184,2024-02-13,Laptop,1,800,800.0,East
4185,2024-02-13,Headphones,2,100,200.0,East
4186,2024-02-13,Charger,2,25,50.0,West
4187,2024-02-13,Headphones,2,100,200.0,West
4188,2024-02-14,Headphones,2,100,200.0,North
4189,2024-02-14,Tablet,1,400,400.0,North
4190,2024-02-14,Keyboard,1,50,50.0,South
4191,2024-02-14,Mouse,1,30,30.0,South
4192,2024-02-15,Tablet,3,400,1200.0,West
4193,2024-02-15,Phone,2,600,1200.0,South
4194,2024-02-15,Monitor,3,300,900.0,South
4195,2024-02-15,Monitor,2,300,600.0,West
4196,2024-02-15,Headphones,1,100,100.0,North
4197,2024-02-16,Headphones,1,100,100.0,West
4198,2024-02-16,Tablet,2,400,800.0,East
4199,2024-02-17,Monitor,2,300,600.0,West
4200,2024-02-17,Tablet,3,400,1200.0,West
4201,2024-02-17,Charger,1,25,25.0,South
4202,2024-02-17,Mouse,2,30,60.0,West
4203,2024-02-17,Headphones,1,100,100.0,West
4204,2024-02-18,Mouse,1,30,30.0,East
4205,2024-02-18,Keyboard,1,50,50.0,North
4206,2024-02-19,Tablet,1,400,400.0,West
4207,2024-02-19,Tablet,3,400,1200.0,South
4208,2024-02-19,Phone,2,600,1200.0,West
4209,2024-02-20,Laptop,2,800,1600.0,West
4210,2024-02-20,Charger,1,25,25.0,East
4211,2024-02-20,Charger,2,25,50.0,North
4212,2024-02-20,Headphones,2,100,200.0,West
4213,2024-02-21,Monitor,2,300,600.0,South
4214,2024-02-21,Charger,1,25,25.0,East
4215,2024-02-21,Monitor,2,300,600.0,North
4216,2024-02-21,Monitor,1,300,300.0,West
4217,2024-02-22,Charger,1,25,25.0,North
4218,2024-02-22,Monitor,2,300,600.0,North
4219,2024-02-22,Phone,3,600,1800.0,West
4220,2024-02-23,Headphones,2,100,200.0,East
4221,2024-02-23,Charger,1,25,25.0,North
4222,2024-02-23,Mouse,2,30,60.0,East
4223,2024-02-24,Monitor,1,300,300.0,West
4224,2024-02-24,Mouse,1,30,30.0,West
4225,2024-02-24,Laptop,3,800,2400.0,North
4226,2024-02-24,Keyboard,1,50,50.0,North
4227,2024-02-25,Laptop,2,800,1600.0,South
4228,2024-02-25,Laptop,1,800,800.0,South
4229,2024-02-26,Headphones,2,100,200.0,East
4230,2024-02-26,Keyboard,1,50,50.0,North
4231,2024-02-26,Tablet,2,400,800.0,North
4232,2024-02-27,Mouse,2,30,60.0,West
4233,2024-02-27,Monitor,3,300,900.0,South
4234,2024-02-27,Mouse,1,30,30.0,North
4235,2024-02-28,Headphones,1,100,100.0,East
4236,2024-02-28,Phone,2,600,1200.0,North
4237,2024-03-01,Monitor,3,300,900.0,East
4238,2024-03-01,Phone,2,600,1200.0,East
4239,2024-03-01,Laptop,2,800,1600.0,West
4240,2024-03-01,Phone,2,600,1200.0,East
4241,2024-03-02,Tablet,2,400,800.0,South
4242,2024-03-02,Mouse,2,30,60.0,West
4243,2024-03-02,Charger,2,25,50.0,East
4244,2024-03-02,Keyboard,1,50,50.0,North
4245,2024-03-02,Mouse,2,30,60.0,South
4246,2024-03-03,Mouse,2,30,60.0,North
4247,2024-03-03,Charger,1,25,25.0,East
4248,2024-03-03,Mouse,1,30,30.0,East
4249,2024-03-03,Monitor,1,300,300.0,North
4250,2024-03-03,Charger,1,25,25.0,South
4251,2024-03-04,Phone,1,600,600.0,West
4252,2024-03-04,Charger,2,25,50.0,South
4253,2024-03-04,Charger,3,25,75.0,West
4254,2024-03-05,Laptop,1,800,800.0,East
4255,2024-03-05,Headphones,2,100,200.0,South
4256,2024-03-05,Mouse,3,30,90.0,East
4257,2024-03-05,Charger,2,25,50.0,East
4258,2024-03-05,Monitor,3,300,900.0,East
4259,2024-03-06,Charger,1,25,25.0,East
4260,2024-03-06,Mouse,1,30,30.0,North
4261,2024-03-06,Headphones,1,100,100.0,North
4262,2024-03-06,Tablet,1,400,400.0,South
4263,2024-03-07,Mouse,1,30,30.0,South
4264,2024-03-07,Headphones,1,100,100.0,South
4265,2024-03-07,Mouse,1,30,30.0,North
4266,2024-03-07,Mouse,3,30,90.0,East
4267,2024-03-07,Phone,1,600,600.0,East
4268,2024-03-08,Tablet,3,400,1200.0,West
4269,2024-03-08,Phone,1,600,600.0,East
4270,2024-03-08,Charger,2,25,50.0,West
4271,2024-03-08,Keyboard,1,50,50.0,North
4272,2024-03-09,Mouse,1,30,30.0,South
4273,2024-03-09,Laptop,1,800,800.0,South
4274,2024-03-09,Monitor,2,300,600.0,North
4275,2024-03-09,Charger,1,25,25.0,North
4276,2024-03-10,Monitor,2,300,600.0,South
4277,2024-03-10,Monitor,2,300,600.0,West
4278,2024-03-11,Monitor,1,300,300.0,North
4279,2024-03-11,Phone,1,600,600.0,South
4280,2024-03-11,Mouse,3,30,90.0,North
4281,2024-03-11,Tablet,1,400,400.0,South
4282,2024-03-12,Charger,3,25,75.0,West
4283,2024-03-12,Tablet,1,400,400.0,West
4284,2024-03-13,Laptop,1,800,800.0,East
4285,2024-03-13,Mouse,3,30,90.0,West
4286,2024-03-13,Phone,3,600,1800.0,South
4287,2024-03-13,Mouse,3,30,90.0,South
4288,2024-03-14,Charger,1,25,25.0,West
4289,2024-03-14,Mouse,2,30,60.0,East
4290,2024-03-14,Phone,2,600,1200.0,South
4291,2024-03-14,Tablet,1,400,400.0,South
4292,2024-03-14,Phone,1,600,600.0,South
4293,2024-03-15,Monitor,1,300,300.0,West
4294,2024-03-15,Charger,1,25,25.0,North
4295,2024-03-15,Monitor,3,300,900.0,East
4296,2024-03-15,Mouse,1,30,30.0,North
4297,2024-03-16,Laptop,3,800,2400.0,East
4298,2024-03-16,Laptop,1,800,800.0,West
4299,2024-03-16,Charger,1,25,25.0,South
4300,2024-03-17,Charger,1,25,25.0,West
4301,2024-03-17,Tablet,1,400,400.0,West
4302,2024-03-17,Keyboard,3,50,150.0,North
4303,2024-03-17,Charger,1,25,25.0,West
4304,2024-03-17,Keyboard,2,50,100.0,East
4305,2024-03-18,Charger,1,25,25.0,East
4306,2024-03-18,Mouse,1,30,30.0,North
4307,2024-03-19,Mouse,2,30,60.0,South
4308,2024-03-19,Laptop,3,800,2400.0,West
4309,2024-03-19,Monitor,1,300,300.0,South
4310,2024-03-19,Keyboard,2,50,100.0,West
4311,2024-03-19,Charger,1,25,25.0,South
4312,2024-03-20,Tablet,1,400,400.0,North
4313,2024-03-20,Monitor,1,300,300.0,South
4314,2024-03-20,Charger,3,25,75.0,West
4315,2024-03-20,Phone,1,600,600.0,South
4316,2024-03-21,Charger,1,25,25.0,South
4317,2024-03-21,Charger,3,25,75.0,East
4318,2024-03-22,Monitor,2,300,600.0,West
4319,2024-03-22,Headphones,2,100,200.0,South
4320,2024-03-22,Monitor,1,300,300.0,South
4321,2024-03-22,Phone,1,600,600.0,West
4322,2024-03-23,Mouse,1,30,30.0,East
4323,2024-03-23,Mouse,2,30,60.0,West
4324,2024-03-23,Tablet,2,400,800.0,West
4325,2024-03-23,Keyboard,1,50,50.0,West
4326,2024-03-24,Charger,1,25,25.0,South
4327,2024-03-24,Monitor,2,300,600.0,South
4328,2024-03-24,Keyboard,1,50,50.0,South
4329,2024-03-24,Monitor,1,300,300.0,West
4330,2024-03-24,Laptop,1,800,800.0,West
4331,2024-03-25,Phone,2,600,1200.0,North
4332,2024-03-25,Charger,1,25,25.0,South
4333,2024-03-25,Monitor,3,300,900.0,South
4334,2024-03-25,Phone,2,600,1200.0,East
4335,2024-03-26,Monitor,3,300,900.0,North
4336,2024-03-26,Keyboard,3,50,150.0,West
4337,2024-03-26,Keyboard,3,50,150.0,West
4338,2024-03-26,Laptop,2,800,1600.0,North
4339,2024-03-27,Charger,1,25,25.0,East
4340,2024-03-27,Mouse,1,30,30.0,North
4341,2024-03-27,Monitor,1,300,300.0,North
4342,2024-03-28,Mouse,1,30,30.0,East
4343,2024-03-28,Laptop,1,800,800.0,North
4344,2024-04-01,Tablet,1,400,400.0,West
4345,2024-04-01,Tablet,1,400,400.0,South
4346,2024-04-01,Phone,2,600,1200.0,West
4347,2024-04-01,Headphones,2,100,200.0,South
4348,2024-04-01,Headphones,2,100,200.0,East
4349,2024-04-02,Mouse,3,30,90.0,North
4350,2024-04-02,Charger,1,25,25.0,South
4351,2024-04-02,Phone,2,600,1200.0,East
4352,2024-04-02,Mouse,3,30,90.0,West
4353,2024-04-03,Monitor,2,300,600.0,North
4354,2024-04-03,Headphones,2,100,200.0,East
4355,2024-04-03,Mouse,3,30,90.0,East
4356,2024-04-04,Laptop,2,800,1600.0,West
4357,2024-04-04,Monitor,1,300,300.0,North
4358,2024-04-05,Headphones,2,100,200.0,East
4359,2024-04-05,Headphones,3,100,300.0,South
4360,2024-04-05,Mouse,3,30,90.0,South
4361,2024-04-05,Phone,3,600,1800.0,North
4362,2024-04-06,Charger,1,25,25.0,East
4363,2024-04-06,Tablet,1,400,400.0,East
4364,2024-04-06,Keyboard,3,50,150.0,West
4365,2024-04-06,Tablet,1,400,400.0,South
4366,2024-04-07,Mouse,1,30,30.0,East
4367,2024-04-07,Charger,1,25,25.0,East
4368,2024-04-07,Phone,2,600,1200.0,North
4369,2024-04-08,Monitor,3,300,900.0,East
4370,2024-04-08,Charger,1,25,25.0,East
4371,2024-04-08,Monitor,3,300,900.0,East
4372,2024-04-08,Phone,2,600,1200.0,North
4373,2024-04-08,Mouse,2,30,60.0,North
4374,2024-04-09,Headphones,2,100,200.0,North
4375,2024-04-09,Keyboard,2,50,100.0,South
4376,2024-04-10,Charger,3,25,75.0,East
4377,2024-04-10,Monitor,1,300,300.0,South
4378,2024-04-11,Laptop,1,800,800.0,West
4379,2024-04-11,Phone,1,600,600.0,South
4380,2024-04-12,Monitor,2,300,600.0,East
4381,2024-04-12,Monitor,2,300,600.0,South
4382,2024-04-12,Monitor,3,300,900.0,North
4383,2024-04-13,Keyboard,1,50,50.0,West
4384,2024-04-13,Phone,3,600,1800.0,East
4385,2024-04-13,Charger,1,25,25.0,East
4386,2024-04-13,Monitor,1,300,300.0,North
4387,2024-04-13,Keyboard,1,50,50.0,West
4388,2024-04-14,Headphones,1,100,100.0,West
4389,2024-04-14,Phone,3,600,1800.0,South
4390,2024-04-14,Laptop,1,800,800.0,East
4391,2024-04-14,Headphones,1,100,100.0,South
4392,2024-04-15,Headphones,2,100,200.0,South
4393,2024-04-15,Headphones,1,100,100.0,South
4394,2024-04-16,Mouse,1,30,30.0,South
4395,2024-04-16,Mouse,1,30,30.0,North
4396,2024-04-17,Tablet,1,400,400.0,East
4397,2024-04-17,Headphones,2,100,200.0,East
4398,2024-04-18,Tablet,3,400,1200.0,West
4399,2024-04-18,Tablet,3,400,1200.0,West
4400,2024-04-18,Tablet,1,400,400.0,North
4401,2024-04-19,Phone,2,600,1200.0,West
4402,2024-04-19,Keyboard,2,50,100.0,North
4403,2024-04-20,Mouse,2,30,60.0,North
4404,2024-04-20,Laptop,2,800,1600.0,West
4405,2024-04-20,Monitor,3,300,900.0,North
4406,2024-04-20,Charger,3,25,75.0,West
4407,2024-04-20,Headphones,2,100,200.0,North
4408,2024-04-21,Phone,1,600,600.0,South
4409,2024-04-21,Phone,1,600,600.0,East
4410,2024-04-22,Headphones,2,100,200.0,West
4411,2024-04-22,Monitor,2,300,600.0,East
4412,2024-04-22,Phone,3,600,1800.0,North
4413,2024-04-22,Charger,2,25,50.0,West
4414,2024-04-23,Monitor,1,300,300.0,West
4415,2024-04-23,Monitor,2,300,600.0,North
4416,2024-04-23,Keyboard,2,50,100.0,East
4417,2024-04-24,Keyboard,1,50,50.0,West
4418,2024-04-24,Phone,1,600,600.0,North
4419,2024-04-24,Phone,2,600,1200.0,North
4420,2024-04-24,Keyboard,1,50,50.0,North
4421,2024-04-25,Keyboard,1,50,50.0,South
4422,2024-04-25,Monitor,3,300,900.0,North
4423,2024-04-25,Mouse,2,30,60.0,East
4424,2024-04-25,Phone,2,600,1200.0,East
4425,2024-04-26,Charger,1,25,25.0,North
4426,2024-04-26,Keyboard,2,50,100.0,East
4427,2024-04-26,Phone,1,600,600.0,South
4428,2024-04-27,Laptop,2,800,1600.0,East
4429,2024-04-27,Laptop,1,800,800.0,East
4430,2024-04-27,Mouse,1,30,30.0,East
4431,2024-04-27,Laptop,1,800,800.0,South
4432,2024-04-27,Monitor,1,300,300.0,South
4433,2024-04-28,Phone,3,600,1800.0,South
4434,2024-04-28,Monitor,2,300,600.0,West
4435,2024-05-01,Laptop,3,800,2400.0,North
4436,2024-05-01,Tablet,1,400,400.0,East
4437,2024-05-01,Keyboard,2,50,100.0,North
4438,2024-05-01,Laptop,1,800,800.0,South
4439,2024-05-02,Charger,3,25,75.0,West
4440,2024-05-02,Charger,2,25,50.0,West
4441,2024-05-02,Monitor,1,300,300.0,South
4442,2024-05-02,Phone,1,600,600.0,West
4443,2024-05-03,Mouse,3,30,90.0,West
4444,2024-05-03,Mouse,1,30,30.0,South
4445,2024-05-04,Monitor,1,300,300.0,South
4446,2024-05-04,Mouse,1,30,30.0,South
4447,2024-05-04,Mouse,1,30,30.0,East
4448,2024-05-04,Laptop,1,800,800.0,South
4449,2024-05-04,Phone,1,600,600.0,West
4450,2024-05-05,Monitor,1,300,300.0,West
4451,2024-05-05,Phone,1,600,600.0,West
4452,2024-05-05,Monitor,3,300,900.0,West
4453,2024-05-05,Headphones,2,100,200.0,East
4454,2024-05-05,Phone,2,600,1200.0,North
4455,2024-05-06,Phone,2,600,1200.0,North
4456,2024-05-06,Keyboard,1,50,50.0,West
4457,2024-05-06,Keyboard,1,50,50.0,West
4458,2024-05-06,Phone,1,600,600.0,West
4459,2024-05-07,Tablet,1,400,400.0,North
4460,2024-05-07,Keyboard,1,50,50.0,East
4461,2024-05-07,Tablet,1,400,400.0,North
4462,2024-05-07,Headphones,1,100,100.0,East
4463,2024-05-07,Phone,2,600,1200.0,East
4464,2024-05-08,Mouse,1,30,30.0,South
4465,2024-05-08,Tablet,3,400,1200.0,North
4466,2024-05-08,Tablet,3,400,1200.0,West
4467,2024-05-09,Keyboard,2,50,100.0,North
4468,2024-05-09,Mouse,1,30,30.0,North
4469,2024-05-09,Keyboard,1,50,50.0,West
4470,2024-05-09,Phone,2,600,1200.0,West
4471,2024-05-09,Charger,3,25,75.0,East
4472,2024-05-10,Charger,2,25,50.0,North
4473,2024-05-10,Laptop,1,800,800.0,East
4474,2024-05-10,Phone,3,600,1800.0,North
4475,2024-05-10,Monitor,2,300,600.0,North
4476,2024-05-11,Headphones,1,100,100.0,West
4477,2024-05-11,Tablet,1,400,400.0,West
4478,2024-05-11,Phone,1,600,600.0,North
4479,2024-05-11,Tablet,1,400,400.0,South
4480,2024-05-11,Charger,2,25,50.0,South
4481,2024-05-12,Phone,2,600,1200.0,West
4482,2024-05-12,Keyboard,1,50,50.0,West
4483,2024-05-12,Monitor,1,300,300.0,North
4484,2024-05-12,Keyboard,1,50,50.0,East
4485,2024-05-13,Mouse,3,30,90.0,South
4486,2024-05-13,Keyboard,1,50,50.0,South
4487,2024-05-13,Keyboard,1,50,50.0,West
4488,2024-05-13,Tablet,2,400,800.0,North
4489,2024-05-14,Laptop,1,800,800.0,East
4490,2024-05-14,Monitor,3,300,900.0,East
4491,2024-05-14,Tablet,3,400,1200.0,North
4492,2024-05-14,Monitor,2,300,600.0,East
4493,2024-05-15,Headphones,1,100,100.0,West
4494,2024-05-15,Headphones,1,100,100.0,South
4495,2024-05-15,Tablet,1,400,400.0,East
4496,2024-05-16,Laptop,3,800,2400.0,East
4497,2024-05-16,Tablet,2,400,800.0,West
4498,2024-05-17,Tablet,1,400,400.0,South
4499,2024-05-17,Charger,1,25,25.0,West
4500,2024-05-17,Keyboard,3,50,150.0,South
4501,2024-05-18,Headphones,2,100,200.0,South
4502,2024-05-18,Mouse,2,30,60.0,South
4503,2024-05-18,Keyboard,3,50,150.0,West
4504,2024-05-18,Charger,1,25,25.0,West
4505,2024-05-18,Mouse,3,30,90.0,West
4506,2024-05-19,Tablet,1,400,400.0,South
4507,2024-05-19,Mouse,1,30,30.0,West
4508,2024-05-19,Keyboard,2,50,100.0,North
4509,2024-05-19,Phone,1,600,600.0,North
4510,2024-05-19,Tablet,1,400,400.0,West
4511,2024-05-20,Monitor,1,300,300.0,South
4512,2024-05-20,Charger,1,25,25.0,North
4513,2024-05-20,Monitor,1,300,300.0,West
4514,2024-05-21,Headphones,2,100,200.0,North
4515,2024-05-21,Keyboard,1,50,50.0,North
4516,2024-05-21,Keyboard,1,50,50.0,East
4517,2024-05-21,Tablet,1,400,400.0,North
4518,2024-05-22,Headphones,1,100,100.0,West
4519,2024-05-22,Charger,3,25,75.0,South
4520,2024-05-22,Charger,2,25,50.0,North
4521,2024-05-22,Phone,1,600,600.0,East
4522,2024-05-23,Mouse,1,30,30.0,East
4523,2024-05-23,Phone,1,600,600.0,South
4524,2024-05-24,Charger,1,25,25.0,North
4525,2024-05-24,Charger,2,25,50.0,North
4526,2024-05-24,Headphones,3,100,300.0,South
4527,2024-05-24,Mouse,2,30,60.0,North
4528,2024-05-24,Keyboard,1,50,50.0,West
4529,2024-05-25,Phone,2,600,1200.0,East
4530,2024-05-25,Phone,2,600,1200.0,North
4531,2024-05-25,Monitor,2,300,600.0,North
4532,2024-05-26,Keyboard,1,50,50.0,North
4533,2024-05-26,Keyboard,2,50,100.0,East
4534,2024-05-26,Headphones,3,100,300.0,North
4535,2024-05-26,Keyboard,1,50,50.0,East
4536,2024-05-26,Keyboard,1,50,50.0,North
4537,2024-05-27,Charger,3,25,75.0,West
4538,2024-05-27,Tablet,1,400,400.0,North
4539,2024-05-27,Charger,1,25,25.0,East
4540,2024-05-28,Laptop,1,800,800.0,North
4541,2024-05-28,Keyboard,1,50,50.0,West
4542,2024-05-28,Charger,1,25,25.0,North
4543,2024-06-01,Mouse,1,30,30.0,North
4544,2024-06-01,Keyboard,2,50,100.0,West
4545,2024-06-01,Keyboard,1,50,50.0,North
4546,2024-06-02,Monitor,1,300,300.0,South
4547,2024-06-02,Charger,3,25,75.0,West
4548,2024-06-02,Keyboard,2,50,100.0,East
4549,2024-06-02,Phone,3,600,1800.0,West
4550,2024-06-02,Phone,2,600,1200.0,South
4551,2024-06-03,Tablet,3,400,1200.0,West
4552,2024-06-03,Keyboard,3,50,150.0,East
4553,2024-06-03,Keyboard,1,50,50.0,North
4554,2024-06-03,Mouse,2,30,60.0,West
4555,2024-06-04,Charger,1,25,25.0,East
4556,2024-06-04,Monitor,1,300,300.0,North
4557,2024-06-04,Phone,3,600,1800.0,West
4558,2024-06-04,Keyboard,2,50,100.0,South
4559,2024-06-05,Tablet,2,400,800.0,West
4560,2024-06-05,Laptop,1,800,800.0,North
4561,2024-06-06,Charger,1,25,25.0,East
4562,2024-06-06,Keyboard,1,50,50.0,West
4563,2024-06-06,Laptop,2,800,1600.0,South
4564,2024-06-07,Phone,2,600,1200.0,South
4565,2024-06-07,Keyboard,2,50,100.0,East
4566,2024-06-07,Mouse,1,30,30.0,North
4567,2024-06-07,Laptop,3,800,2400.0,South
4568,2024-06-07,Charger,2,25,50.0,West
4569,2024-06-08,Mouse,1,30,30.0,West
4570,2024-06-08,Headphones,2,100,200.0,East
4571,2024-06-09,Keyboard,3,50,150.0,North
4572,2024-06-09,Mouse,1,30,30.0,South
4573,2024-06-09,Headphones,1,100,100.0,South
4574,2024-06-09,Phone,2,600,1200.0,South
4575,2024-06-09,Charger,1,25,25.0,East
4576,2024-06-10,Headphones,2,100,200.0,North
4577,2024-06-10,Phone,1,600,600.0,South
4578,2024-06-10,Keyboard,2,50,100.0,South
4579,2024-06-11,Monitor,3,300,900.0,West
4580,2024-06-11,Monitor,2,300,600.0,North
4581,2024-06-11,Phone,1,600,600.0,East
4582,2024-06-11,Keyboard,2,50,100.0,South
4583,2024-06-12,Keyboard,3,50,150.0,North
4584,2024-06-12,Charger,2,25,50.0,East
4585,2024-06-12,Tablet,2,400,800.0,South
4586,2024-06-13,Monitor,2,300,600.0,North
4587,2024-06-13,Phone,2,600,1200.0,South
4588,2024-06-13,Mouse,1,30,30.0,South
4589,2024-06-14,Headphones,1,100,100.0,East
4590,2024-06-14,Phone,1,600,600.0,South
4591,2024-06-14,Mouse,1,30,30.0,East
4592,2024-06-14,Phone,2,600,1200.0,South
4593,2024-06-15,Laptop,1,800,800.0,North
4594,2024-06-15,Tablet,3,400,1200.0,East
4595,2024-06-15,Laptop,3,800,2400.0,East
4596,2024-06-16,Charger,3,25,75.0,East
4597,2024-06-16,Mouse,2,30,60.0,South
4598,2024-06-16,Monitor,2,300,600.0,North
4599,2024-06-17,Mouse,2,30,60.0,North
4600,2024-06-17,Laptop,1,800,800.0,West
4601,2024-06-17,Monitor,2,300,600.0,West
4602,2024-06-17,Headphones,1,100,100.0,South
4603,2024-06-17,Keyboard,3,50,150.0,East
4604,2024-06-18,Monitor,1,300,300.0,East
4605,2024-06-18,Phone,1,600,600.0,South
4606,2024-06-18,Charger,1,25,25.0,East
4607,2024-06-18,Charger,1,25,25.0,South
4608,2024-06-19,Laptop,1,800,800.0,West
4609,2024-06-19,Monitor,1,300,300.0,South
4610,2024-06-20,Laptop,1,800,800.0,West
4611,2024-06-20,Charger,2,25,50.0,West
4612,2024-06-20,Keyboard,1,50,50.0,South
4613,2024-06-20,Charger,1,25,25.0,West
4614,2024-06-21,Phone,2,600,1200.0,South
4615,2024-06-21,Headphones,1,100,100.0,East
4616,2024-06-21,Charger,2,25,50.0,West
4617,2024-06-21,Laptop,1,800,800.0,East
4618,2024-06-21,Mouse,2,30,60.0,North
4619,2024-06-22,Headphones,1,100,100.0,East
4620,2024-06-22,Phone,2,600,1200.0,West
4621,2024-06-22,Keyboard,2,50,100.0,East
4622,2024-06-22,Laptop,2,800,1600.0,North
4623,2024-06-23,Phone,1,600,600.0,North
4624,2024-06-23,Monitor,1,300,300.0,East
4625,2024-06-23,Keyboard,1,50,50.0,South
4626,2024-06-23,Monitor,2,300,600.0,North
4627,2024-06-24,Laptop,1,800,800.0,East
4628,2024-06-24,Charger,2,25,50.0,West
4629,2024-06-25,Tablet,1,400,400.0,East
4630,2024-06-25,Tablet,2,400,800.0,East
4631,2024-06-25,Keyboard,2,50,100.0,West
4632,2024-06-26,Laptop,2,800,1600.0,West
4633,2024-06-26,Monitor,2,300,600.0,East
4634,2024-06-26,Keyboard,3,50,150.0,North
4635,2024-06-26,Charger,1,25,25.0,East
4636,2024-06-27,Headphones,3,100,300.0,North
4637,2024-06-27,Charger,1,25,25.0,West
4638,2024-06-27,Tablet,3,400,1200.0,South
4639,2024-06-27,Laptop,2,800,1600.0,North
4640,2024-06-28,Laptop,2,800,1600.0,East
4641,2024-06-28,Monitor,1,300,300.0,West
4642,2024-06-28,Headphones,2,100,200.0,West
4643,2024-07-01,Tablet,2,400,800.0,South
4644,2024-07-01,Keyboard,3,50,150.0,West
4645,2024-07-02,Keyboard,1,50,50.0,West
4646,2024-07-02,Keyboard,2,50,100.0,East
4647,2024-07-02,Mouse,2,30,60.0,West
4648,2024-07-02,Headphones,1,100,100.0,East
4649,2024-07-02,Mouse,1,30,30.0,East
4650,2024-07-03,Monitor,2,300,600.0,East
4651,2024-07-03,Keyboard,2,50,100.0,East
4652,2024-07-03,Headphones,3,100,300.0,West
4653,2024-07-03,Mouse,1,30,30.0,North
4654,2024-07-04,Mouse,1,30,30.0,East
4655,2024-07-04,Phone,1,600,600.0,West
4656,2024-07-04,Mouse,3,30,90.0,West
4657,2024-07-04,Mouse,1,30,30.0,East
4658,2024-07-05,Headphones,2,100,200.0,East
4659,2024-07-05,Mouse,1,30,30.0,North
4660,2024-07-05,Headphones,1,100,100.0,North
4661,2024-07-06,Phone,3,600,1800.0,South
4662,2024-07-06,Headphones,1,100,100.0,North
4663,2024-07-06,Monitor,1,300,300.0,West
4664,2024-07-07,Tablet,2,400,800.0,West
4665,2024-07-07,Charger,3,25,75.0,South
4666,2024-07-08,Phone,3,600,1800.0,South
4667,2024-07-08,Laptop,1,800,800.0,West
4668,2024-07-08,Tablet,1,400,400.0,West
4669,2024-07-08,Keyboard,1,50,50.0,North
4670,2024-07-09,Tablet,3,400,1200.0,East
4671,2024-07-09,Laptop,1,800,800.0,East
4672,2024-07-09,Phone,1,600,600.0,East
4673,2024-07-09,Charger,3,25,75.0,West
4674,2024-07-09,Tablet,2,400,800.0,West
4675,2024-07-10,Headphones,1,100,100.0,East
4676,2024-07-10,Tablet,3,400,1200.0,West
4677,2024-07-10,Mouse,3,30,90.0,South
4678,2024-07-10,Laptop,3,800,2400.0,East
4679,2024-07-11,Tablet,1,400,400.0,West
4680,2024-07-11,Headphones,1,100,100.0,West
4681,2024-07-11,Phone,2,600,1200.0,North
4682,2024-07-11,Monitor,2,300,600.0,East
4683,2024-07-12,Headphones,1,100,100.0,East
4684,2024-07-12,Monitor,1,300,300.0,West
4685,2024-07-12,Mouse,1,30,30.0,East
4686,2024-07-12,Laptop,1,800,800.0,East
4687,2024-07-13,Laptop,3,800,2400.0,North
4688,2024-07-13,Charger,1,25,25.0,South
4689,2024-07-13,Monitor,3,300,900.0,East
4690,2024-07-14,Mouse,1,30,30.0,South
4691,2024-07-14,Headphones,1,100,100.0,West
4692,2024-07-15,Charger,3,25,75.0,East
4693,2024-07-15,Monitor,3,300,900.0,West
4694,2024-07-15,Headphones,1,100,100.0,North
4695,2024-07-16,Charger,1,25,25.0,West
4696,2024-07-16,Charger,1,25,25.0,South
4697,2024-07-16,Laptop,2,800,1600.0,South
4698,2024-07-16,Keyboard,1,50,50.0,North
4699,2024-07-16,Tablet,1,400,400.0,East
4700,2024-07-17,Charger,1,25,25.0,West
4701,2024-07-17,Charger,2,25,50.0,North
4702,2024-07-18,Headphones,2,100,200.0,North
4703,2024-07-18,Laptop,2,800,1600.0,East
4704,2024-07-18,Phone,2,600,1200.0,North
4705,2024-07-18,Mouse,3,30,90.0,North
4706,2024-07-18,Monitor,1,300,300.0,North
4707,2024-07-19,Charger,1,25,25.0,East
4708,2024-07-19,Monitor,1,300,300.0,South
4709,2024-07-20,Keyboard,2,50,100.0,West
4710,2024-07-20,Monitor,2,300,600.0,North
4711,2024-07-20,Tablet,3,400,1200.0,East
4712,2024-07-20,Phone,1,600,600.0,West
4713,2024-07-20,Tablet,3,400,1200.0,South
4714,2024-07-21,Laptop,1,800,800.0,West
4715,2024-07-21,Monitor,2,300,600.0,West
4716,2024-07-22,Tablet,1,400,400.0,South
4717,2024-07-22,Headphones,2,100,200.0,East
4718,2024-07-22,Phone,1,600,600.0,West
4719,2024-07-23,Phone,2,600,1200.0,North
4720,2024-07-23,Headphones,1,100,100.0,North
4721,2024-07-24,Laptop,1,800,800.0,North
4722,2024-07-24,Monitor,2,300,600.0,South
4723,2024-07-24,Headphones,1,100,100.0,South
4724,2024-07-24,Mouse,1,30,30.0,East
4725,2024-07-24,Keyboard,1,50,50.0,East
4726,2024-07-25,Headphones,2,100,200.0,East
4727,2024-07-25,Mouse,1,30,30.0,South
4728,2024-07-25,Monitor,2,300,600.0,West
4729,2024-07-26,Keyboard,3,50,150.0,West
4730,2024-07-26,Keyboard,3,50,150.0,West
4731,2024-07-27,Monitor,2,300,600.0,South
4732,2024-07-27,Tablet,2,400,800.0,North
4733,2024-07-27,Tablet,2,400,800.0,West
4734,2024-07-27,Tablet,1,400,400.0,West
4735,2024-07-27,Headphones,1,100,100.0,East
4736,2024-07-28,Headphones,1,100,100.0,South
4737,2024-07-28,Keyboard,3,50,150.0,North
4738,2024-07-28,Monitor,3,300,900.0,North
4739,2024-07-28,Headphones,1,100,100.0,East
4740,2024-07-28,Charger,1,25,25.0,North
4741,2024-08-01,Headphones,2,100,200.0,South
4742,2024-08-01,Charger,1,25,25.0,East
4743,2024-08-02,Headphones,3,100,300.0,South
4744,2024-08-02,Laptop,1,800,800.0,South
4745,2024-08-02,Phone,3,600,1800.0,West
4746,2024-08-02,Monitor,1,300,300.0,East
4747,2024-08-03,Charger,2,25,50.0,North
4748,2024-08-03,Charger,1,25,25.0,South
4749,2024-08-03,Monitor,2,300,600.0,East
4750,2024-08-03,Mouse,1,30,30.0,East
4751,2024-08-04,Keyboard,2,50,100.0,North
4752,2024-08-04,Headphones,3,100,300.0,South
4753,2024-08-04,Mouse,1,30,30.0,South
4754,2024-08-04,Laptop,1,800,800.0,West
4755,2024-08-05,Headphones,2,100,200.0,South
4756,2024-08-05,Charger,2,25,50.0,East
4757,2024-08-05,Mouse,2,30,60.0,West
4758,2024-08-05,Charger,1,25,25.0,East
4759,2024-08-06,Laptop,1,800,800.0,North
4760,2024-08-06,Tablet,2,400,800.0,North
4761,2024-08-06,Tablet,3,400,1200.0,West
4762,2024-08-07,Phone,3,600,1800.0,South
4763,2024-08-07,Monitor,1,300,300.0,South
4764,2024-08-08,Headphones,2,100,200.0,West
4765,2024-08-08,Keyboard,1,50,50.0,West
4766,2024-08-09,Laptop,1,800,800.0,West
4767,2024-08-09,Laptop,1,800,800.0,East
4768,2024-08-09,Mouse,1,30,30.0,West
4769,2024-08-09,Tablet,1,400,400.0,North
4770,2024-08-09,Tablet,1,400,400.0,South
4771,2024-08-10,Keyboard,1,50,50.0,West
4772,2024-08-10,Phone,1,600,600.0,West
4773,2024-08-10,Charger,2,25,50.0,South
4774,2024-08-10,Headphones,1,100,100.0,North
4775,2024-08-11,Phone,2,600,1200.0,West
4776,2024-08-11,Monitor,2,300,600.0,West
4777,2024-08-12,Phone,2,600,1200.0,West
4778,2024-08-12,Laptop,3,800,2400.0,South
4779,2024-08-13,Phone,2,600,1200.0,North
4780,2024-08-13,Mouse,2,30,60.0,North
4781,2024-08-13,Headphones,1,100,100.0,West
4782,2024-08-13,Mouse,1,30,30.0,North
4783,2024-08-14,Keyboard,1,50,50.0,South
4784,2024-08-14,Tablet,3,400,1200.0,West
4785,2024-08-14,Phone,1,600,600.0,South
4786,2024-08-15,Monitor,3,300,900.0,East
4787,2024-08-15,Monitor,3,300,900.0,South
4788,2024-08-15,Phone,2,600,1200.0,East
4789,2024-08-16,Phone,2,600,1200.0,South
4790,2024-08-16,Phone,1,600,600.0,West
4791,2024-08-17,Laptop,3,800,2400.0,East
4792,2024-08-17,Keyboard,2,50,100.0,West
4793,2024-08-17,Charger,2,25,50.0,South
4794,2024-08-17,Monitor,1,300,300.0,West
4795,2024-08-18,Mouse,1,30,30.0,North
4796,2024-08-18,Phone,1,600,600.0,South
4797,2024-08-19,Phone,1,600,600.0,North
4798,2024-08-19,Phone,1,600,600.0,East
4799,2024-08-19,Keyboard,1,50,50.0,North
4800,2024-08-19,Charger,1,25,25.0,East
4801,2024-08-19,Tablet,3,400,1200.0,West
4802,2024-08-20,Monitor,2,300,600.0,West
4803,2024-08-20,Phone,1,600,600.0,North
4804,2024-08-20,Keyboard,2,50,100.0,North
4805,2024-08-21,Monitor,1,300,300.0,East
4806,2024-08-21,Monitor,2,300,600.0,North
4807,2024-08-21,Headphones,2,100,200.0,South
4808,2024-08-21,Monitor,1,300,300.0,South
4809,2024-08-22,Mouse,1,30,30.0,West
4810,2024-08-22,Tablet,1,400,400.0,South
4811,2024-08-22,Monitor,1,300,300.0,West
4812,2024-08-22,Mouse,2,30,60.0,North
4813,2024-08-23,Tablet,1,400,400.0,North
4814,2024-08-23,Headphones,2,100,200.0,North
4815,2024-08-23,Mouse,1,30,30.0,West
4816,2024-08-23,Monitor,1,300,300.0,West
4817,2024-08-24,Charger,1,25,25.0,West
4818,2024-08-24,Tablet,2,400,800.0,East
4819,2024-08-24,Tablet,1,400,400.0,East
4820,2024-08-24,Headphones,2,100,200.0,East
4821,2024-08-25,Charger,2,25,50.0,South
4822,2024-08-25,Monitor,1,300,300.0,North
4823,2024-08-25,Keyboard,2,50,100.0,East
4824,2024-08-25,Headphones,2,100,200.0,South
4825,2024-08-26,Charger,3,25,75.0,South
4826,2024-08-26,Charger,1,25,25.0,North
4827,2024-08-27,Charger,1,25,25.0,East
4828,2024-08-27,Headphones,1,100,100.0,South
4829,2024-08-27,Monitor,2,300,600.0,North
4830,2024-08-27,Monitor,2,300,600.0,West
4831,2024-08-27,Charger,2,25,50.0,West
4832,2024-08-28,Keyboard,3,50,150.0,North
4833,2024-08-28,Phone,1,600,600.0,East
4834,2024-09-01,Laptop,2,800,1600.0,West
4835,2024-09-01,Keyboard,2,50,100.0,North
4836,2024-09-01,Laptop,1,800,800.0,East
4837,2024-09-02,Monitor,2,300,600.0,South
4838,2024-09-02,Headphones,2,100,200.0,East
4839,2024-09-02,Keyboard,1,50,50.0,West
4840,2024-09-03,Phone,3,600,1800.0,South
4841,2024-09-03,Mouse,2,30,60.0,North
4842,2024-09-04,Charger,3,25,75.0,West
4843,2024-09-04,Headphones,2,100,200.0,West
4844,2024-09-04,Mouse,1,30,30.0,West
4845,2024-09-04,Keyboard,2,50,100.0,North
4846,2024-09-05,Phone,1,600,600.0,North
4847,2024-09-05,Phone,1,600,600.0,East
4848,2024-09-05,Phone,3,600,1800.0,South
4849,2024-09-05,Headphones,2,100,200.0,South
4850,2024-09-06,Charger,1,25,25.0,West
4851,2024-09-06,Tablet,1,400,400.0,West
4852,2024-09-06,Keyboard,2,50,100.0,West
4853,2024-09-07,Laptop,3,800,2400.0,South
4854,2024-09-07,Charger,2,25,50.0,West
4855,2024-09-07,Monitor,1,300,300.0,South
4856,2024-09-07,Headphones,1,100,100.0,North
4857,2024-09-07,Phone,2,600,1200.0,South
4858,2024-09-08,Monitor,2,300,600.0,North
4859,2024-09-08,Phone,1,600,600.0,West
4860,2024-09-08,Keyboard,1,50,50.0,West
4861,2024-09-08,Keyboard,2,50,100.0,West
4862,2024-09-09,Keyboard,2,50,100.0,South
4863,2024-09-09,Tablet,1,400,400.0,North
4864,2024-09-09,Mouse,2,30,60.0,North
4865,2024-09-09,Headphones,1,100,100.0,North
4866,2024-09-10,Keyboard,3,50,150.0,South
4867,2024-09-10,Monitor,2,300,600.0,South
4868,2024-09-10,Monitor,2,300,600.0,South
4869,2024-09-11,Tablet,2,400,800.0,South
4870,2024-09-11,Charger,1,25,25.0,South
4871,2024-09-11,Laptop,1,800,800.0,North
4872,2024-09-11,Tablet,1,400,400.0,West
4873,2024-09-11,Charger,1,25,25.0,South
4874,2024-09-12,Charger,2,25,50.0,West
4875,2024-09-12,Monitor,3,300,900.0,West
4876,2024-09-12,Charger,1,25,25.0,North
4877,2024-09-12,Laptop,1,800,800.0,East
4878,2024-09-12,Laptop,1,800,800.0,South
4879,2024-09-13,Tablet,2,400,800.0,West
4880,2024-09-13,Phone,2,600,1200.0,North
4881,2024-09-13,Mouse,2,30,60.0,East
4882,2024-09-13,Laptop,3,800,2400.0,West
4883,2024-09-14,Monitor,1,300,300.0,South
4884,2024-09-14,Mouse,1,30,30.0,West
4885,2024-09-14,Mouse,1,30,30.0,North
4886,2024-09-15,Keyboard,2,50,100.0,East
4887,2024-09-15,Tablet,2,400,800.0,South
4888,2024-09-15,Keyboard,3,50,150.0,West
4889,2024-09-15,Headphones,1,100,100.0,North
4890,2024-09-15,Phone,1,600,600.0,South
4891,2024-09-16,Keyboard,3,50,150.0,East
4892,2024-09-16,Mouse,2,30,60.0,East
4893,2024-09-16,Phone,1,600,600.0,West
4894,2024-09-17,Mouse,3,30,90.0,South
4895,2024-09-17,Tablet,1,400,400.0,South
4896,2024-09-18,Headphones,3,100,300.0,West
4897,2024-09-18,Charger,1,25,25.0,East
4898,2024-09-18,Monitor,2,300,600.0,West
4899,2024-09-18,Phone,3,600,1800.0,North
4900,2024-09-19,Phone,2,600,1200.0,West
4901,2024-09-19,Laptop,3,800,2400.0,North
4902,2024-09-19,Mouse,3,30,90.0,East
4903,2024-09-19,Charger,2,25,50.0,East
4904,2024-09-19,Charger,3,25,75.0,East
4905,2024-09-20,Mouse,1,30,30.0,East
4906,2024-09-20,Keyboard,2,50,100.0,South
4907,2024-09-20,Monitor,1,300,300.0,West
4908,2024-09-21,Laptop,1,800,800.0,West
4909,2024-09-21,Keyboard,3,50,150.0,North
4910,2024-09-21,Charger,2,25,50.0,North
4911,2024-09-21,Laptop,1,800,800.0,South
4912,2024-09-21,Monitor,1,300,300.0,South
4913,2024-09-22,Tablet,1,400,400.0,North
4914,2024-09-22,Keyboard,1,50,50.0,North
4915,2024-09-22,Keyboard,3,50,150.0,South
4916,2024-09-22,Laptop,2,800,1600.0,East
4917,2024-09-23,Phone,1,600,600.0,South
4918,2024-09-23,Charger,1,25,25.0,South
4919,2024-09-23,Monitor,3,300,900.0,North
4920,2024-09-24,Charger,1,25,25.0,North
4921,2024-09-24,Keyboard,1,50,50.0,West
4922,2024-09-24,Tablet,2,400,800.0,North
4923,2024-09-25,Mouse,1,30,30.0,West
4924,2024-09-25,Phone,1,600,600.0,East
4925,2024-09-25,Monitor,1,300,300.0,North
4926,2024-09-26,Tablet,2,400,800.0,East
4927,2024-09-26,Headphones,3,100,300.0,South
4928,2024-09-26,Tablet,1,400,400.0,North
4929,2024-09-27,Charger,1,25,25.0,North
4930,2024-09-27,Phone,1,600,600.0,North
4931,2024-09-27,Monitor,1,300,300.0,West
4932,2024-09-27,Keyboard,1,50,50.0,South
4933,2024-09-27,Mouse,3,30,90.0,North
4934,2024-09-28,Mouse,3,30,90.0,North
4935,2024-09-28,Mouse,1,30,30.0,South
4936,2024-09-28,Monitor,1,300,300.0,North
4937,2024-10-01,Charger,2,25,50.0,North
4938,2024-10-01,Headphones,2,100,200.0,North
4939,2024-10-01,Laptop,1,800,800.0,East
4940,2024-10-02,Charger,1,25,25.0,North
4941,2024-10-02,Keyboard,2,50,100.0,South
4942,2024-10-02,Monitor,2,300,600.0,West
4943,2024-10-03,Laptop,1,800,800.0,South
4944,2024-10-03,Laptop,1,800,800.0,West
4945,2024-10-04,Phone,2,600,1200.0,South
4946,2024-10-04,Phone,3,600,1800.0,South
4947,2024-10-04,Monitor,2,300,600.0,West
4948,2024-10-04,Mouse,1,30,30.0,East
4949,2024-10-05,Keyboard,2,50,100.0,North
4950,2024-10-05,Headphones,1,100,100.0,South
4951,2024-10-05,Mouse,3,30,90.0,West
4952,2024-10-06,Monitor,1,300,300.0,West
4953,2024-10-06,Laptop,1,800,800.0,South
4954,2024-10-07,Laptop,3,800,2400.0,South
4955,2024-10-07,Laptop,1,800,800.0,West
4956,2024-10-08,Mouse,1,30,30.0,East
4957,2024-10-08,Tablet,3,400,1200.0,East
4958,2024-10-08,Phone,1,600,600.0,East
4959,2024-10-08,Monitor,1,300,300.0,North
4960,2024-10-09,Phone,2,600,1200.0,West
4961,2024-10-09,Keyboard,1,50,50.0,West
4962,2024-10-09,Tablet,1,400,400.0,South
4963,2024-10-09,Mouse,1,30,30.0,North
4964,2024-10-10,Keyboard,2,50,100.0,South
4965,2024-10-10,Headphones,1,100,100.0,West
4966,2024-10-10,Laptop,1,800,800.0,North
4967,2024-10-11,Laptop,2,800,1600.0,West
4968,2024-10-11,Headphones,1,100,100.0,South
4969,2024-10-11,Monitor,3,300,900.0,East
4970,2024-10-12,Tablet,1,400,400.0,North
4971,2024-10-12,Monitor,1,300,300.0,West
4972,2024-10-12,Phone,2,600,1200.0,East
4973,2024-10-12,Phone,2,600,1200.0,North
4974,2024-10-13,Mouse,1,30,30.0,North
4975,2024-10-13,Charger,1,25,25.0,East
4976,2024-10-13,Headphones,2,100,200.0,East
4977,2024-10-13,Headphones,1,100,100.0,East
4978,2024-10-14,Headphones,3,100,300.0,South
4979,2024-10-14,Tablet,1,400,400.0,West
4980,2024-10-14,Laptop,1,800,800.0,East
4981,2024-10-14,Laptop,1,800,800.0,North
4982,2024-10-14,Monitor,3,300,900.0,East
4983,2024-10-15,Headphones,2,100,200.0,South
4984,2024-10-15,Monitor,2,300,600.0,North
4985,2024-10-16,Keyboard,2,50,100.0,North
4986,2024-10-16,Headphones,2,100,200.0,West
4987,2024-10-16,Mouse,1,30,30.0,North
4988,2024-10-17,Tablet,3,400,1200.0,West
4989,2024-10-17,Phone,2,600,1200.0,North
4990,2024-10-18,Mouse,1,30,30.0,West
4991,2024-10-18,Keyboard,1,50,50.0,West
4992,2024-10-18,Mouse,1,30,30.0,North
4993,2024-10-18,Headphones,1,100,100.0,North
4994,2024-10-18,Tablet,1,400,400.0,East
4995,2024-10-19,Phone,1,600,600.0,West
4996,2024-10-19,Charger,1,25,25.0,West
4997,2024-10-19,Phone,2,600,1200.0,East
4998,2024-10-20,Charger,1,25,25.0,West
4999,2024-10-20,Mouse,1,30,30.0,North
5000,2024-10-20,Tablet,3,400,1200.0,East
5001,2024-10-21,Headphones,1,100,100.0,South
5002,2024-10-21,Phone,3,600,1800.0,South
5003,2024-10-22,Headphones,1,100,100.0,West
5004,2024-10-22,Monitor,2,300,600.0,North
5005,2024-10-22,Laptop,2,800,1600.0,West
5006,2024-10-22,Mouse,1,30,30.0,South
5007,2024-10-23,Tablet,1,400,400.0,North
5008,2024-10-23,Laptop,1,800,800.0,South
5009,2024-10-24,Monitor,1,300,300.0,North
5010,2024-10-24,Mouse,1,30,30.0,North
5011,2024-10-24,Phone,1,600,600.0,West
5012,2024-10-25,Phone,1,600,600.0,North
5013,2024-10-25,Laptop,2,800,1600.0,North
5014,2024-10-25,Tablet,2,400,800.0,West
5015,2024-10-26,Charger,1,25,25.0,West
5016,2024-10-26,Monitor,1,300,300.0,East
5017,2024-10-26,Headphones,1,100,100.0,East
5018,2024-10-26,Mouse,2,30,60.0,South
5019,2024-10-26,Laptop,2,800,1600.0,South
5020,2024-10-27,Headphones,3,100,300.0,South
5021,2024-10-27,Monitor,1,300,300.0,West
5022,2024-10-27,Laptop,1,800,800.0,East
5023,2024-10-27,Charger,2,25,50.0,West
5024,2024-10-28,Monitor,3,300,900.0,East
5025,2024-10-28,Charger,2,25,50.0,West
5026,2024-11-01,Headphones,1,100,100.0,East
5027,2024-11-01,Laptop,2,800,1600.0,East
5028,2024-11-01,Tablet,1,400,400.0,East
5029,2024-11-01,Keyboard,2,50,100.0,East
5030,2024-11-02,Tablet,1,400,400.0,South
5031,2024-11-02,Headphones,1,100,100.0,North
5032,2024-11-02,Headphones,2,100,200.0,West
5033,2024-11-03,Laptop,3,800,2400.0,East
5034,2024-11-03,Keyboard,3,50,150.0,East
5035,2024-11-03,Tablet,1,400,400.0,South
5036,2024-11-03,Tablet,2,400,800.0,South
5037,2024-11-04,Laptop,1,800,800.0,North
5038,2024-11-04,Headphones,2,100,200.0,South
5039,2024-11-04,Laptop,2,800,1600.0,West
5040,2024-11-04,Laptop,1,800,800.0,South
5041,2024-11-04,Mouse,1,30,30.0,West
5042,2024-11-05,Keyboard,3,50,150.0,South
5043,2024-11-05,Keyboard,1,50,50.0,North
5044,2024-11-05,Tablet,2,400,800.0,South
5045,2024-11-06,Keyboard,1,50,50.0,East
5046,2024-11-06,Monitor,2,300,600.0,North
5047,2024-11-07,Charger,3,25,75.0,East
5048,2024-11-07,Mouse,1,30,30.0,South
5049,2024-11-07,Tablet,3,400,1200.0,West
5050,2024-11-07,Tablet,3,400,1200.0,East
5051,2024-11-08,Laptop,3,800,2400.0,West
5052,2024-11-08,Mouse,1,30,30.0,South
5053,2024-11-08,Tablet,2,400,800.0,East
5054,2024-11-09,Tablet,2,400,800.0,East
5055,2024-11-09,Headphones,3,100,300.0,North
5056,2024-11-10,Headphones,1,100,100.0,East
5057,2024-11-10,Tablet,3,400,1200.0,North
5058,2024-11-10,Keyboard,2,50,100.0,North
5059,2024-11-10,Mouse,1,30,30.0,South
5060,2024-11-10,Tablet,1,400,400.0,North
5061,2024-11-11,Keyboard,1,50,50.0,North
5062,2024-11-11,Laptop,1,800,800.0,West
5063,2024-11-12,Phone,1,600,600.0,East
5064,2024-11-12,Monitor,1,300,300.0,West
5065,2024-11-12,Charger,2,25,50.0,East
5066,2024-11-12,Monitor,1,300,300.0,West
5067,2024-11-12,Headphones,1,100,100.0,West
5068,2024-11-13,Keyboard,1,50,50.0,North
5069,2024-11-13,Phone,1,600,600.0,South
5070,2024-11-14,Phone,1,600,600.0,South
5071,2024-11-14,Laptop,2,800,1600.0,South
5072,2024-11-14,Phone,1,600,600.0,West
5073,2024-11-14,Monitor,1,300,300.0,North
5074,2024-11-14,Tablet,3,400,1200.0,North
5075,2024-11-15,Monitor,3,300,900.0,East
5076,2024-11-15,Mouse,1,30,30.0,South
5077,2024-11-15,Phone,1,600,600.0,West
5078,2024-11-16,Tablet,1,400,400.0,East
5079,2024-11-16,Laptop,2,800,1600.0,North
5080,2024-11-16,Mouse,3,30,90.0,West
5081,2024-11-16,Headphones,1,100,100.0,North
5082,2024-11-16,Headphones,1,100,100.0,East
5083,2024-11-17,Charger,1,25,25.0,East
5084,2024-11-17,Monitor,2,300,600.0,West
5085,2024-11-18,Laptop,1,800,800.0,West
5086,2024-11-18,Tablet,1,400,400.0,West
5087,2024-11-18,Phone,3,600,1800.0,West
5088,2024-11-18,Keyboard,1,50,50.0,West
5089,2024-11-19,Mouse,1,30,30.0,East
5090,2024-11-19,Laptop,1,800,800.0,North
5091,2024-11-19,Phone,3,600,1800.0,East
5092,2024-11-19,Monitor,2,300,600.0,South
5093,2024-11-19,Laptop,2,800,1600.0,West
5094,2024-11-20,Headphones,2,100,200.0,East
5095,2024-11-20,Phone,2,600,1200.0,North
5096,2024-11-20,Tablet,1,400,400.0,West
5097,2024-11-20,Tablet,1,400,400.0,South
5098,2024-11-20,Headphones,1,100,100.0,North
5099,2024-11-21,Keyboard,1,50,50.0,West
5100,2024-11-21,Phone,2,600,1200.0,West
5101,2024-11-21,Headphones,3,100,300.0,South
5102,2024-11-21,Phone,3,600,1800.0,West
5103,2024-11-21,Mouse,1,30,30.0,North
5104,2024-11-22,Monitor,1,300,300.0,West
5105,2024-11-22,Tablet,1,400,400.0,North
5106,2024-11-23,Phone,1,600,600.0,East
5107,2024-11-23,Monitor,1,300,300.0,West
5108,2024-11-24,Laptop,3,800,2400.0,West
5109,2024-11-24,Monitor,1,300,300.0,West
5110,2024-11-24,Mouse,2,30,60.0,South
5111,2024-11-24,Keyboard,3,50,150.0,South
5112,2024-11-24,Charger,1,25,25.0,South
5113,2024-11-25,Keyboard,1,50,50.0,East
5114,2024-11-25,Mouse,1,30,30.0,East
5115,2024-11-25,Charger,3,25,75.0,North
5116,2024-11-25,Headphones,1,100,100.0,East
5117,2024-11-26,Keyboard,1,50,50.0,West
5118,2024-11-26,Phone,1,600,600.0,West
5119,2024-11-26,Headphones,2,100,200.0,West
5120,2024-11-26,Keyboard,1,50,50.0,South
5121,2024-11-26,Phone,1,600,600.0,West
5122,2024-11-27,Laptop,1,800,800.0,South
5123,2024-11-27,Headphones,1,100,100.0,South
5124,2024-11-27,Laptop,2,800,1600.0,North
5125,2024-11-28,Charger,2,25,50.0,West
5126,2024-11-28,Phone,3,600,1800.0,North
5127,2024-11-28,Headphones,1,100,100.0,East
5128,2024-11-28,Headphones,1,100,100.0,West
5129,2024-12-01,Tablet,2,400,800.0,East
5130,2024-12-01,Keyboard,1,50,50.0,East
5131,2024-12-01,Phone,1,600,600.0,North
5132,2024-12-01,Monitor,1,300,300.0,South
5133,2024-12-01,Headphones,1,100,100.0,South
5134,2024-12-02,Mouse,3,30,90.0,West
5135,2024-12-02,Laptop,3,800,2400.0,North
5136,2024-12-02,Charger,1,25,25.0,South
5137,2024-12-03,Headphones,1,100,100.0,East
5138,2024-12-03,Mouse,2,30,60.0,West
5139,2024-12-04,Charger,1,25,25.0,South
5140,2024-12-04,Phone,1,600,600.0,East
5141,2024-12-04,Mouse,1,30,30.0,North
5142,2024-12-04,Charger,1,25,25.0,West
5143,2024-12-05,Phone,1,600,600.0,East
5144,2024-12-05,Keyboard,1,50,50.0,East
5145,2024-12-05,Mouse,1,30,30.0,South
5146,2024-12-05,Headphones,1,100,100.0,West
5147,2024-12-05,Keyboard,3,50,150.0,South
5148,2024-12-06,Charger,1,25,25.0,East
5149,2024-12-06,Monitor,2,300,600.0,West
5150,2024-12-07,Headphones,1,100,100.0,South
5151,2024-12-07,Charger,3,25,75.0,East
5152,2024-12-08,Tablet,3,400,1200.0,East
5153,2024-12-08,Mouse,1,30,30.0,West
5154,2024-12-08,Tablet,3,400,1200.0,South
5155,2024-12-08,Tablet,3,400,1200.0,East
5156,2024-12-09,Headphones,1,100,100.0,South
5157,2024-12-09,Mouse,2,30,60.0,East
5158,2024-12-10,Mouse,2,30,60.0,East
5159,2024-12-10,Charger,1,25,25.0,West
5160,2024-12-10,Laptop,3,800,2400.0,North
5161,2024-12-10,Charger,1,25,25.0,North
5162,2024-12-11,Phone,2,600,1200.0,East
5163,2024-12-11,Mouse,2,30,60.0,North
5164,2024-12-11,Keyboard,2,50,100.0,West
5165,2024-12-11,Tablet,1,400,400.0,South
5166,2024-12-11,Tablet,1,400,400.0,South
5167,2024-12-12,Keyboard,3,50,150.0,North
5168,2024-12-12,Laptop,2,800,1600.0,East
5169,2024-12-12,Headphones,1,100,100.0,South
5170,2024-12-13,Phone,1,600,600.0,West
5171,2024-12-13,Monitor,2,300,600.0,West
5172,2024-12-13,Charger,2,25,50.0,North
5173,2024-12-13,Laptop,2,800,1600.0,South
5174,2024-12-13,Keyboard,1,50,50.0,East
5175,2024-12-14,Laptop,3,800,2400.0,North
5176,2024-12-14,Headphones,1,100,100.0,East
5177,2024-12-14,Mouse,1,30,30.0,North
5178,2024-12-15,Keyboard,2,50,100.0,East
5179,2024-12-15,Laptop,1,800,800.0,East
5180,2024-12-15,Charger,3,25,75.0,East
5181,2024-12-15,Mouse,1,30,30.0,North
5182,2024-12-15,Monitor,3,300,900.0,South
5183,2024-12-16,Tablet,2,400,800.0,North
5184,2024-12-16,Headphones,1,100,100.0,South
5185,2024-12-16,Headphones,3,100,300.0,North
5186,2024-12-17,Phone,1,600,600.0,North
5187,2024-12-17,Monitor,3,300,900.0,East
5188,2024-12-17,Laptop,2,800,1600.0,North
5189,2024-12-18,Monitor,2,300,600.0,West
5190,2024-12-18,Laptop,1,800,800.0,North
5191,2024-12-19,Headphones,3,100,300.0,North
5192,2024-12-19,Mouse,2,30,60.0,South
5193,2024-12-20,Monitor,1,300,300.0,North
5194,2024-12-20,Mouse,1,30,30.0,North
5195,2024-12-20,Mouse,2,30,60.0,South
5196,2024-12-21,Headphones,2,100,200.0,South
5197,2024-12-21,Mouse,2,30,60.0,South
5198,2024-12-21,Mouse,1,30,30.0,North
5199,2024-12-21,Charger,1,25,25.0,West
5200,2024-12-21,Keyboard,3,50,150.0,West
5201,2024-12-22,Headphones,1,100,100.0,North
5202,2024-12-22,Phone,1,600,600.0,West
5203,2024-12-22,Tablet,1,400,400.0,North
5204,2024-12-22,Phone,1,600,600.0,South
5205,2024-12-23,Phone,1,600,600.0,North
5206,2024-12-23,Laptop,1,800,800.0,East
5207,2024-12-23,Mouse,1,30,30.0,West
5208,2024-12-23,Keyboard,2,50,100.0,North
5209,2024-12-23,Laptop,1,800,800.0,South
5210,2024-12-24,Tablet,1,400,400.0,East
5211,2024-12-24,Charger,2,25,50.0,East
5212,2024-12-24,Phone,1,600,600.0,East
5213,2024-12-25,Phone,2,600,1200.0,West
5214,2024-12-25,Charger,1,25,25.0,West
5215,2024-12-25,Charger,2,25,50.0,South
5216,2024-12-26,Tablet,3,400,1200.0,North
5217,2024-12-26,Tablet,1,400,400.0,West
5218,2024-12-27,Laptop,1,800,800.0,East
5219,2024-12-27,Phone,2,600,1200.0,West
5220,2024-12-27,Charger,1,25,25.0,West
5221,2024-12-27,Tablet,2,400,800.0,West
5222,2024-12-27,Keyboard,2,50,100.0,North
5223,2024-12-28,Laptop,3,800,2400.0,South
5224,2024-12-28,Keyboard,2,50,100.0,North
5225,2024-12-28,Monitor,3,300,900.0,South
5226,2024-12-28,Charger,1,25,25.0,West
